cell,input,head,adaptation,bin,lower,upper,count,accuracy,mean_confidence,absolute_gap,ece_contribution
D-P-F,dynamic,pooled,frozen,0,0.0,0.06666666666666667,0,nan,nan,nan,0.0
D-P-F,dynamic,pooled,frozen,1,0.06666666666666667,0.13333333333333333,0,nan,nan,nan,0.0
D-P-F,dynamic,pooled,frozen,2,0.13333333333333333,0.2,15,0.6666666666666666,0.17928842346247056,0.4873782432041961,0.011848741731058253
D-P-F,dynamic,pooled,frozen,3,0.2,0.26666666666666666,26,0.5384615384615384,0.23201772096997425,0.3064438174915642,0.012913353735462997
D-P-F,dynamic,pooled,frozen,4,0.26666666666666666,0.3333333333333333,21,0.8095238095238095,0.2947577175873887,0.5147660919364208,0.017520401832519992
D-P-F,dynamic,pooled,frozen,5,0.3333333333333333,0.4,20,0.75,0.3669648345527495,0.3830351654472505,0.01241605074383308
D-P-F,dynamic,pooled,frozen,6,0.4,0.4666666666666667,10,0.7,0.4331728804479096,0.2668271195520904,0.004324588647521724
D-P-F,dynamic,pooled,frozen,7,0.4666666666666667,0.5333333333333333,11,1.0,0.5037163470126943,0.4962836529873057,0.008847844704797995
D-P-F,dynamic,pooled,frozen,8,0.5333333333333333,0.6,15,0.9333333333333333,0.5721150718222721,0.3612182615110613,0.008781643310641685
D-P-F,dynamic,pooled,frozen,9,0.6,0.6666666666666666,12,0.9166666666666666,0.6291906807262171,0.28747598594044954,0.005591105075016848
D-P-F,dynamic,pooled,frozen,10,0.6666666666666666,0.7333333333333333,11,1.0,0.703386413584313,0.296613586415687,0.005288086629777241
D-P-F,dynamic,pooled,frozen,11,0.7333333333333333,0.8,18,0.9444444444444444,0.769621588999448,0.17482285544499643,0.005100180547828097
D-P-F,dynamic,pooled,frozen,12,0.8,0.8666666666666667,53,1.0,0.8372167225984704,0.16278327740152965,0.013983004379710002
D-P-F,dynamic,pooled,frozen,13,0.8666666666666667,0.9333333333333333,117,1.0,0.9070876873621924,0.09291231263780764,0.01761870434136709
D-P-F,dynamic,pooled,frozen,14,0.9333333333333333,1.0,288,1.0,0.9697208929635575,0.030279107036442543,0.014133521598858109
D-P-L,dynamic,pooled,lora,0,0.0,0.06666666666666667,0,nan,nan,nan,0.0
D-P-L,dynamic,pooled,lora,1,0.06666666666666667,0.13333333333333333,0,nan,nan,nan,0.0
D-P-L,dynamic,pooled,lora,2,0.13333333333333333,0.2,0,nan,nan,nan,0.0
D-P-L,dynamic,pooled,lora,3,0.2,0.26666666666666666,2,0.5,0.2277261380645828,0.2722738619354172,0.0008825732963870898
D-P-L,dynamic,pooled,lora,4,0.26666666666666666,0.3333333333333333,4,0.25,0.3194400768423724,0.06944007684237241,0.00045017878017745484
D-P-L,dynamic,pooled,lora,5,0.3333333333333333,0.4,7,0.5714285714285714,0.36920145080543676,0.20222712062313464,0.0022943109308945584
D-P-L,dynamic,pooled,lora,6,0.4,0.4666666666666667,9,0.5555555555555556,0.44248621497391366,0.11306934058164192,0.001649309668127678
D-P-L,dynamic,pooled,lora,7,0.4666666666666667,0.5333333333333333,4,0.25,0.49890098001757405,0.24890098001757405,0.0016136206159972385
D-P-L,dynamic,pooled,lora,8,0.5333333333333333,0.6,8,0.875,0.5648626131924542,0.31013738680754577,0.004021230298963316
D-P-L,dynamic,pooled,lora,9,0.6,0.6666666666666666,12,0.75,0.6256389680795952,0.12436103192040482,0.002418691058419543
D-P-L,dynamic,pooled,lora,10,0.6666666666666666,0.7333333333333333,10,0.9,0.7031136548501442,0.1968863451498558,0.003191026663692963
D-P-L,dynamic,pooled,lora,11,0.7333333333333333,0.8,14,0.8571428571428571,0.7646732976346525,0.09246955950820457,0.002098174770040298
D-P-L,dynamic,pooled,lora,12,0.8,0.8666666666666667,12,1.0,0.8372390046549255,0.1627609953450745,0.0031655298932591475
D-P-L,dynamic,pooled,lora,13,0.8666666666666667,0.9333333333333333,17,0.9411764705882353,0.906053734978431,0.03512273560980428,0.0009677252923284809
D-P-L,dynamic,pooled,lora,14,0.9333333333333333,1.0,518,0.9961389961389961,0.9940274395988168,0.00211155654017936,0.0017727492509123314
D-A-F,dynamic,attentive,frozen,0,0.0,0.06666666666666667,0,nan,nan,nan,0.0
D-A-F,dynamic,attentive,frozen,1,0.06666666666666667,0.13333333333333333,0,nan,nan,nan,0.0
D-A-F,dynamic,attentive,frozen,2,0.13333333333333333,0.2,0,nan,nan,nan,0.0
D-A-F,dynamic,attentive,frozen,3,0.2,0.26666666666666666,0,nan,nan,nan,0.0
D-A-F,dynamic,attentive,frozen,4,0.26666666666666666,0.3333333333333333,1,0.0,0.28150738083209154,0.28150738083209154,0.0004562518327910722
D-A-F,dynamic,attentive,frozen,5,0.3333333333333333,0.4,0,nan,nan,nan,0.0
D-A-F,dynamic,attentive,frozen,6,0.4,0.4666666666666667,3,0.0,0.4279209713029679,0.4279209713029679,0.0020806530209220484
D-A-F,dynamic,attentive,frozen,7,0.4666666666666667,0.5333333333333333,6,0.6666666666666666,0.5093805836099087,0.15728608305675795,0.0015295243084935946
D-A-F,dynamic,attentive,frozen,8,0.5333333333333333,0.6,8,0.375,0.5763683145979459,0.2013683145979459,0.0026109343870074023
D-A-F,dynamic,attentive,frozen,9,0.6,0.6666666666666666,7,0.5714285714285714,0.6402573755693007,0.06882880414072934,0.0007808778427635419
D-A-F,dynamic,attentive,frozen,10,0.6666666666666666,0.7333333333333333,5,0.8,0.692997794343484,0.10700220565651608,0.0008671167395179585
D-A-F,dynamic,attentive,frozen,11,0.7333333333333333,0.8,4,0.5,0.75799489163736,0.25799489163736,0.0016725762829002267
D-A-F,dynamic,attentive,frozen,12,0.8,0.8666666666666667,3,0.0,0.8354474802967983,0.8354474802967983,0.004062143340178922
D-A-F,dynamic,attentive,frozen,13,0.8666666666666667,0.9333333333333333,9,0.5555555555555556,0.9034112661964637,0.34785571064090814,0.00507407033349785
D-A-F,dynamic,attentive,frozen,14,0.9333333333333333,1.0,571,0.9719789842381786,0.9977441218596524,0.02576513762147381,0.023844235951153234
D-A-L,dynamic,attentive,lora,0,0.0,0.06666666666666667,0,nan,nan,nan,0.0
D-A-L,dynamic,attentive,lora,1,0.06666666666666667,0.13333333333333333,0,nan,nan,nan,0.0
D-A-L,dynamic,attentive,lora,2,0.13333333333333333,0.2,0,nan,nan,nan,0.0
D-A-L,dynamic,attentive,lora,3,0.2,0.26666666666666666,0,nan,nan,nan,0.0
D-A-L,dynamic,attentive,lora,4,0.26666666666666666,0.3333333333333333,1,0.0,0.30316633513301683,0.30316633513301683,0.0004913554864392493
D-A-L,dynamic,attentive,lora,5,0.3333333333333333,0.4,0,nan,nan,nan,0.0
D-A-L,dynamic,attentive,lora,6,0.4,0.4666666666666667,3,0.6666666666666666,0.4398154592801146,0.226851207386552,0.0011030042498535754
D-A-L,dynamic,attentive,lora,7,0.4666666666666667,0.5333333333333333,5,0.2,0.4910913310400299,0.2910913310400299,0.0023589248868722034
D-A-L,dynamic,attentive,lora,8,0.5333333333333333,0.6,3,0.3333333333333333,0.5660174195421793,0.232684086208846,0.0011313650869149727
D-A-L,dynamic,attentive,lora,9,0.6,0.6666666666666666,6,0.6666666666666666,0.6352724882028383,0.031394178463828304,0.00030529184891891386
D-A-L,dynamic,attentive,lora,10,0.6666666666666666,0.7333333333333333,7,0.7142857142857143,0.7031829401357721,0.011102774149942207,0.00012596340202527626
D-A-L,dynamic,attentive,lora,11,0.7333333333333333,0.8,9,0.4444444444444444,0.7703743345535423,0.3259298901090979,0.00475424475037582
D-A-L,dynamic,attentive,lora,12,0.8,0.8666666666666667,10,0.7,0.8325441342546247,0.13254413425462475,0.0021482031483731727
D-A-L,dynamic,attentive,lora,13,0.8666666666666667,0.9333333333333333,11,0.45454545454545453,0.9011660007512696,0.4466205462058151,0.007962440856181469
D-A-L,dynamic,attentive,lora,14,0.9333333333333333,1.0,562,0.9786476868327402,0.9981791830220558,0.0195314961893156,0.01779043899253706
S-P-F,static,pooled,frozen,0,0.0,0.06666666666666667,0,nan,nan,nan,0.0
S-P-F,static,pooled,frozen,1,0.06666666666666667,0.13333333333333333,2,0.5,0.1154529524614398,0.38454704753856017,0.0012465058267052192
S-P-F,static,pooled,frozen,2,0.13333333333333333,0.2,24,0.5416666666666666,0.1703483811707753,0.3713182854958913,0.01444349894959707
S-P-F,static,pooled,frozen,3,0.2,0.26666666666666666,31,0.7741935483870968,0.23728030809217482,0.5369132402949219,0.026976191975919904
S-P-F,static,pooled,frozen,4,0.26666666666666666,0.3333333333333333,25,0.8,0.2926768820539539,0.5073231179460461,0.0205560420561607
S-P-F,static,pooled,frozen,5,0.3333333333333333,0.4,13,0.9230769230769231,0.36131295685282805,0.5617639662240951,0.011836193777817238
S-P-F,static,pooled,frozen,6,0.4,0.4666666666666667,9,0.6666666666666666,0.42674278572105917,0.23992388094560746,0.0034997000462082127
S-P-F,static,pooled,frozen,7,0.4666666666666667,0.5333333333333333,12,0.9166666666666666,0.5013705640820301,0.41529610258463656,0.008077071687221457
S-P-F,static,pooled,frozen,8,0.5333333333333333,0.6,9,0.8888888888888888,0.5626175246626042,0.32627136422628467,0.004759225734256989
S-P-F,static,pooled,frozen,9,0.6,0.6666666666666666,9,1.0,0.626450055380343,0.37354994461965696,0.005448864670302938
S-P-F,static,pooled,frozen,10,0.6666666666666666,0.7333333333333333,9,0.8888888888888888,0.698227121863468,0.19066176702542081,0.0027811278820563815
S-P-F,static,pooled,frozen,11,0.7333333333333333,0.8,20,1.0,0.766265104104068,0.233734895895932,0.007576495815103144
S-P-F,static,pooled,frozen,12,0.8,0.8666666666666667,33,1.0,0.8360964668984765,0.1639035331015235,0.008766315384684401
S-P-F,static,pooled,frozen,13,0.8666666666666667,0.9333333333333333,97,1.0,0.9055953863205596,0.09440461367944042,0.014841568114920132
S-P-F,static,pooled,frozen,14,0.9333333333333333,1.0,324,1.0,0.9720414054839258,0.027958594516074187,0.014681660653497627
S-P-L,static,pooled,lora,0,0.0,0.06666666666666667,0,nan,nan,nan,0.0
S-P-L,static,pooled,lora,1,0.06666666666666667,0.13333333333333333,0,nan,nan,nan,0.0
S-P-L,static,pooled,lora,2,0.13333333333333333,0.2,0,nan,nan,nan,0.0
S-P-L,static,pooled,lora,3,0.2,0.26666666666666666,0,nan,nan,nan,0.0
S-P-L,static,pooled,lora,4,0.26666666666666666,0.3333333333333333,0,nan,nan,nan,0.0
S-P-L,static,pooled,lora,5,0.3333333333333333,0.4,4,0.25,0.36683752341611203,0.11683752341611203,0.0007574555813038056
S-P-L,static,pooled,lora,6,0.4,0.4666666666666667,6,0.8333333333333334,0.4396539218430527,0.3936794114902807,0.003828324909143735
S-P-L,static,pooled,lora,7,0.4666666666666667,0.5333333333333333,13,0.6153846153846154,0.5019177974791188,0.11346681790549662,0.002390710912109329
S-P-L,static,pooled,lora,8,0.5333333333333333,0.6,7,1.0,0.5595534226376561,0.44044657736234394,0.004996962790172459
S-P-L,static,pooled,lora,9,0.6,0.6666666666666666,9,0.7777777777777778,0.6322665802905877,0.1455111974871901,0.002122529622989807
S-P-L,static,pooled,lora,10,0.6666666666666666,0.7333333333333333,10,0.8,0.7002755553362829,0.0997244446637171,0.0016162794921185915
S-P-L,static,pooled,lora,11,0.7333333333333333,0.8,9,0.8888888888888888,0.7538754009094734,0.13501348797941548,0.001969402579926644
S-P-L,static,pooled,lora,12,0.8,0.8666666666666667,13,0.8461538461538461,0.8263854947224788,0.019768351431367348,0.00041651307716009
S-P-L,static,pooled,lora,13,0.8666666666666667,0.9333333333333333,22,0.9545454545454546,0.9077110082316941,0.046834446313760436,0.001669947842630032
S-P-L,static,pooled,lora,14,0.9333333333333333,1.0,524,0.9980916030534351,0.9953149367576718,0.0027766662957633415,0.002358141230113437
S-A-F,static,attentive,frozen,0,0.0,0.06666666666666667,0,nan,nan,nan,0.0
S-A-F,static,attentive,frozen,1,0.06666666666666667,0.13333333333333333,0,nan,nan,nan,0.0
S-A-F,static,attentive,frozen,2,0.13333333333333333,0.2,0,nan,nan,nan,0.0
S-A-F,static,attentive,frozen,3,0.2,0.26666666666666666,0,nan,nan,nan,0.0
S-A-F,static,attentive,frozen,4,0.26666666666666666,0.3333333333333333,0,nan,nan,nan,0.0
S-A-F,static,attentive,frozen,5,0.3333333333333333,0.4,0,nan,nan,nan,0.0
S-A-F,static,attentive,frozen,6,0.4,0.4666666666666667,3,0.3333333333333333,0.44575199548699435,0.11241866215366103,0.0005466061368897619
S-A-F,static,attentive,frozen,7,0.4666666666666667,0.5333333333333333,7,0.42857142857142855,0.5120060136459345,0.08343458507450591,0.0009465836232115743
S-A-F,static,attentive,frozen,8,0.5333333333333333,0.6,8,0.75,0.578493565334872,0.17150643466512805,0.0022237463165656795
S-A-F,static,attentive,frozen,9,0.6,0.6666666666666666,4,0.5,0.6342462502303625,0.13424625023036252,0.0008703160468743113
S-A-F,static,attentive,frozen,10,0.6666666666666666,0.7333333333333333,8,0.5,0.6997821922608792,0.19978219226087923,0.0025903687813404112
S-A-F,static,attentive,frozen,11,0.7333333333333333,0.8,9,0.5555555555555556,0.7791990472612991,0.2236434917057435,0.0032622227315262423
S-A-F,static,attentive,frozen,12,0.8,0.8666666666666667,12,0.16666666666666666,0.8383030804891293,0.6716364138224626,0.013062620690226179
S-A-F,static,attentive,frozen,13,0.8666666666666667,0.9333333333333333,13,0.5384615384615384,0.8910090595896668,0.35254752112812837,0.007428067706103191
S-A-F,static,attentive,frozen,14,0.9333333333333333,1.0,553,0.976491862567812,0.9977892433461644,0.021297380778352415,0.019088252140079233
S-A-L,static,attentive,lora,0,0.0,0.06666666666666667,0,nan,nan,nan,0.0
S-A-L,static,attentive,lora,1,0.06666666666666667,0.13333333333333333,0,nan,nan,nan,0.0
S-A-L,static,attentive,lora,2,0.13333333333333333,0.2,0,nan,nan,nan,0.0
S-A-L,static,attentive,lora,3,0.2,0.26666666666666666,0,nan,nan,nan,0.0
S-A-L,static,attentive,lora,4,0.26666666666666666,0.3333333333333333,0,nan,nan,nan,0.0
S-A-L,static,attentive,lora,5,0.3333333333333333,0.4,1,1.0,0.354206686811721,0.6457933131882789,0.0010466666340166594
S-A-L,static,attentive,lora,6,0.4,0.4666666666666667,1,0.0,0.4474327698140599,0.4474327698140599,0.0007251746674458021
S-A-L,static,attentive,lora,7,0.4666666666666667,0.5333333333333333,6,0.6666666666666666,0.5153048184266992,0.15136184823996746,0.0014719142454453886
S-A-L,static,attentive,lora,8,0.5333333333333333,0.6,3,0.6666666666666666,0.5726120481017701,0.0940546185648965,0.0004573158114986864
S-A-L,static,attentive,lora,9,0.6,0.6666666666666666,3,0.3333333333333333,0.6292549906337883,0.295921657300455,0.0014388411213960535
S-A-L,static,attentive,lora,10,0.6666666666666666,0.7333333333333333,5,0.8,0.7023121730134856,0.09768782698651446,0.0007916355509442015
S-A-L,static,attentive,lora,11,0.7333333333333333,0.8,5,0.4,0.7758122284393639,0.3758122284393639,0.0030454799711455744
S-A-L,static,attentive,lora,12,0.8,0.8666666666666667,16,0.5625,0.8445918314971631,0.2820918314971631,0.007315185257624974
S-A-L,static,attentive,lora,13,0.8666666666666667,0.9333333333333333,11,0.7272727272727273,0.9073485751341902,0.1800758478614629,0.00321042840595801
S-A-L,static,attentive,lora,14,0.9333333333333333,1.0,566,0.980565371024735,0.9978273904434061,0.017262019418671115,0.015835175025879823
STATE-CTRL,state_only,state_mlp,head_only,0,0.0,0.06666666666666667,22,0.045454545454545456,0.059267783307851755,0.0138132378533063,0.0004925303610579232
STATE-CTRL,state_only,state_mlp,head_only,1,0.06666666666666667,0.13333333333333333,185,0.41081081081081083,0.09848597708664848,0.31232483372416237,0.09364683020902762
STATE-CTRL,state_only,state_mlp,head_only,2,0.13333333333333333,0.2,105,0.6095238095238096,0.16356435231592992,0.44595945720787966,0.0758926142736262
STATE-CTRL,state_only,state_mlp,head_only,3,0.2,0.26666666666666666,80,0.7625,0.23034013389700556,0.5321598661029944,0.0689996584898534
STATE-CTRL,state_only,state_mlp,head_only,4,0.26666666666666666,0.3333333333333333,49,0.7755102040816326,0.2944667553669469,0.48104344871468574,0.03820280224800583
STATE-CTRL,state_only,state_mlp,head_only,5,0.3333333333333333,0.4,40,0.775,0.36189499129245617,0.41310500870754385,0.026781524065318887
STATE-CTRL,state_only,state_mlp,head_only,6,0.4,0.4666666666666667,29,0.8620689655172413,0.43381306516149,0.42825590035575134,0.020128721410562055
STATE-CTRL,state_only,state_mlp,head_only,7,0.4666666666666667,0.5333333333333333,25,0.68,0.5020006504983157,0.1779993495016844,0.007212291308820275
STATE-CTRL,state_only,state_mlp,head_only,8,0.5333333333333333,0.6,16,0.875,0.5618642055506893,0.3131357944493107,0.008120215091068025
STATE-CTRL,state_only,state_mlp,head_only,9,0.6,0.6666666666666666,9,0.8888888888888888,0.6328206121827267,0.25606827670616217,0.0037351936634610365
STATE-CTRL,state_only,state_mlp,head_only,10,0.6666666666666666,0.7333333333333333,13,1.0,0.7012765405193011,0.2987234594806989,0.006294011301862375
STATE-CTRL,state_only,state_mlp,head_only,11,0.7333333333333333,0.8,10,1.0,0.769035071578638,0.23096492842136196,0.00374335378316632
STATE-CTRL,state_only,state_mlp,head_only,12,0.8,0.8666666666666667,13,0.9230769230769231,0.8349536425735347,0.08812328050338847,0.0018567303833777148
STATE-CTRL,state_only,state_mlp,head_only,13,0.8666666666666667,0.9333333333333333,6,1.0,0.8906448956223224,0.10935510437767759,0.0010634207881135586
STATE-CTRL,state_only,state_mlp,head_only,14,0.9333333333333333,1.0,15,1.0,0.9825923459461383,0.017407654053861688,0.00042320066581511397
