record_type,group,bucket,value,class_id,head,adaptation
rare_bucket,D-P-F,support_1,0.72,,pooled,frozen
rare_bucket,D-P-F,support_5_plus,0.9561403508771931,,pooled,frozen
rare_bucket,D-P-L,support_1,0.8,,pooled,lora
rare_bucket,D-P-L,support_5_plus,0.9666666666666668,,pooled,lora
rare_bucket,D-A-F,support_1,0.48,,attentive,frozen
rare_bucket,D-A-F,support_5_plus,0.952531328320802,,attentive,frozen
rare_bucket,D-A-L,support_1,0.4,,attentive,lora
rare_bucket,D-A-L,support_5_plus,0.9598997493734336,,attentive,lora
rare_bucket,S-P-F,support_1,0.76,,pooled,frozen
rare_bucket,S-P-F,support_5_plus,0.9561403508771931,,pooled,frozen
rare_bucket,S-P-L,support_1,0.76,,pooled,lora
rare_bucket,S-P-L,support_5_plus,0.9789473684210527,,pooled,lora
rare_bucket,S-A-F,support_1,0.48,,attentive,frozen
rare_bucket,S-A-F,support_5_plus,0.9403508771929826,,attentive,frozen
rare_bucket,S-A-L,support_1,0.68,,attentive,lora
rare_bucket,S-A-L,support_5_plus,0.9596491228070176,,attentive,lora
dynamic_static_class_recall_delta,D-P-F−S-P-F,,0.0,0,,
dynamic_static_class_recall_delta,D-P-F−S-P-F,,0.0,1,,
dynamic_static_class_recall_delta,D-P-F−S-P-F,,0.0,2,,
dynamic_static_class_recall_delta,D-P-F−S-P-F,,0.0,3,,
dynamic_static_class_recall_delta,D-P-F−S-P-F,,0.0,4,,
dynamic_static_class_recall_delta,D-P-F−S-P-F,,0.0,5,,
dynamic_static_class_recall_delta,D-P-F−S-P-F,,0.0,6,,
dynamic_static_class_recall_delta,D-P-F−S-P-F,,0.16666666666666663,7,,
dynamic_static_class_recall_delta,D-P-F−S-P-F,,0.0,8,,
dynamic_static_class_recall_delta,D-P-F−S-P-F,,0.0,9,,
dynamic_static_class_recall_delta,D-P-F−S-P-F,,0.0,10,,
dynamic_static_class_recall_delta,D-P-F−S-P-F,,0.0,11,,
dynamic_static_class_recall_delta,D-P-F−S-P-F,,0.0,12,,
dynamic_static_class_recall_delta,D-P-F−S-P-F,,0.0,13,,
dynamic_static_class_recall_delta,D-P-F−S-P-F,,0.0,14,,
dynamic_static_class_recall_delta,D-P-F−S-P-F,,0.0,15,,
dynamic_static_class_recall_delta,D-P-F−S-P-F,,0.0,16,,
dynamic_static_class_recall_delta,D-P-F−S-P-F,,0.0,17,,
dynamic_static_class_recall_delta,D-P-F−S-P-F,,0.0,18,,
dynamic_static_class_recall_delta,D-P-F−S-P-F,,0.0,19,,
dynamic_static_class_recall_delta,D-P-F−S-P-F,,0.0,20,,
dynamic_static_class_recall_delta,D-P-F−S-P-F,,0.0,21,,
dynamic_static_class_recall_delta,D-P-F−S-P-F,,0.0,22,,
dynamic_static_class_recall_delta,D-P-F−S-P-F,,0.0,23,,
dynamic_static_class_recall_delta,D-P-F−S-P-F,,0.0,24,,
dynamic_static_class_recall_delta,D-P-F−S-P-F,,0.0,25,,
dynamic_static_class_recall_delta,D-P-F−S-P-F,,0.0,26,,
dynamic_static_class_recall_delta,D-P-F−S-P-F,,0.0,27,,
dynamic_static_class_recall_delta,D-P-F−S-P-F,,0.0,28,,
dynamic_static_class_recall_delta,D-P-F−S-P-F,,0.0,29,,
dynamic_static_class_recall_delta,D-P-F−S-P-F,,0.0,30,,
dynamic_static_class_recall_delta,D-P-F−S-P-F,,0.0,31,,
dynamic_static_class_recall_delta,D-P-F−S-P-F,,0.0,32,,
dynamic_static_class_recall_delta,D-P-F−S-P-F,,0.0,33,,
dynamic_static_class_recall_delta,D-P-F−S-P-F,,0.0,34,,
dynamic_static_class_recall_delta,D-P-F−S-P-F,,0.0,35,,
dynamic_static_class_recall_delta,D-P-F−S-P-F,,0.0,36,,
dynamic_static_class_recall_delta,D-P-F−S-P-F,,0.0,37,,
dynamic_static_class_recall_delta,D-P-F−S-P-F,,0.0,38,,
dynamic_static_class_recall_delta,D-P-F−S-P-F,,0.0,39,,
dynamic_static_class_recall_delta,D-P-F−S-P-F,,0.0,40,,
dynamic_static_class_recall_delta,D-P-F−S-P-F,,0.0,41,,
dynamic_static_class_recall_delta,D-P-F−S-P-F,,0.0,42,,
dynamic_static_class_recall_delta,D-P-F−S-P-F,,0.0,43,,
dynamic_static_class_recall_delta,D-P-F−S-P-F,,0.0,44,,
dynamic_static_class_recall_delta,D-P-F−S-P-F,,0.0,45,,
dynamic_static_class_recall_delta,D-P-F−S-P-F,,0.0,46,,
dynamic_static_class_recall_delta,D-P-F−S-P-F,,0.0,47,,
dynamic_static_class_recall_delta,D-P-F−S-P-F,,0.0,48,,
dynamic_static_class_recall_delta,D-P-F−S-P-F,,0.0,49,,
dynamic_static_class_recall_delta,D-P-F−S-P-F,,0.0,50,,
dynamic_static_class_recall_delta,D-P-F−S-P-F,,0.0,51,,
dynamic_static_class_recall_delta,D-P-F−S-P-F,,0.0,52,,
dynamic_static_class_recall_delta,D-P-F−S-P-F,,0.0,53,,
dynamic_static_class_recall_delta,D-P-F−S-P-F,,0.0,54,,
dynamic_static_class_recall_delta,D-P-F−S-P-F,,0.0,55,,
dynamic_static_class_recall_delta,D-P-F−S-P-F,,0.0,56,,
dynamic_static_class_recall_delta,D-P-F−S-P-F,,0.0,57,,
dynamic_static_class_recall_delta,D-P-F−S-P-F,,0.0,58,,
dynamic_static_class_recall_delta,D-P-F−S-P-F,,0.0,59,,
dynamic_static_class_recall_delta,D-P-F−S-P-F,,0.0,60,,
dynamic_static_class_recall_delta,D-P-F−S-P-F,,0.0,61,,
dynamic_static_class_recall_delta,D-P-F−S-P-F,,0.0,62,,
dynamic_static_class_recall_delta,D-P-F−S-P-F,,-1.0,63,,
dynamic_static_class_recall_delta,D-P-F−S-P-F,,0.0,64,,
dynamic_static_class_recall_delta,D-P-F−S-P-F,,0.0,65,,
dynamic_static_class_recall_delta,D-P-F−S-P-F,,0.0,66,,
dynamic_static_class_recall_delta,D-P-F−S-P-F,,0.0,67,,
dynamic_static_class_recall_delta,D-P-F−S-P-F,,0.0,68,,
dynamic_static_class_recall_delta,D-P-F−S-P-F,,0.0,69,,
dynamic_static_class_recall_delta,D-P-F−S-P-F,,0.0,70,,
dynamic_static_class_recall_delta,D-P-F−S-P-F,,0.0,71,,
dynamic_static_class_recall_delta,D-P-F−S-P-F,,0.0,72,,
dynamic_static_class_recall_delta,D-P-F−S-P-F,,0.0,73,,
dynamic_static_class_recall_delta,D-P-F−S-P-F,,-0.16666666666666674,74,,
dynamic_static_class_recall_delta,D-P-F−S-P-F,,0.16666666666666663,75,,
dynamic_static_class_recall_delta,D-P-F−S-P-F,,-0.16666666666666663,76,,
dynamic_static_class_recall_delta,D-P-F−S-P-F,,0.16666666666666663,77,,
dynamic_static_class_recall_delta,D-P-F−S-P-F,,0.0,78,,
dynamic_static_class_recall_delta,D-P-F−S-P-F,,0.16666666666666663,79,,
dynamic_static_class_recall_delta,D-P-F−S-P-F,,0.16666666666666669,80,,
dynamic_static_class_recall_delta,D-P-F−S-P-F,,0.0,81,,
dynamic_static_class_recall_delta,D-P-F−S-P-F,,-0.16666666666666663,82,,
dynamic_static_class_recall_delta,D-P-F−S-P-F,,-0.16666666666666663,83,,
dynamic_static_class_recall_delta,D-P-F−S-P-F,,0.0,84,,
dynamic_static_class_recall_delta,D-P-F−S-P-F,,0.0,85,,
dynamic_static_class_recall_delta,D-P-F−S-P-F,,0.5,86,,
dynamic_static_class_recall_delta,D-P-F−S-P-F,,-0.16666666666666669,87,,
dynamic_static_class_recall_delta,D-P-F−S-P-F,,-0.16666666666666674,88,,
dynamic_static_class_recall_delta,D-P-F−S-P-F,,-0.16666666666666663,89,,
dynamic_static_class_recall_delta,D-P-F−S-P-F,,-0.16666666666666663,90,,
dynamic_static_class_recall_delta,D-P-F−S-P-F,,0.0,91,,
dynamic_static_class_recall_delta,D-P-F−S-P-F,,0.0,92,,
dynamic_static_class_recall_delta,D-P-F−S-P-F,,0.0,93,,
dynamic_static_class_recall_delta,D-P-F−S-P-F,,0.0,94,,
dynamic_static_class_recall_delta,D-P-F−S-P-F,,0.0,95,,
dynamic_static_class_recall_delta,D-P-F−S-P-F,,0.0,96,,
dynamic_static_class_recall_delta,D-P-F−S-P-F,,0.0,97,,
dynamic_static_class_recall_delta,D-P-F−S-P-F,,0.0,98,,
dynamic_static_class_recall_delta,D-P-F−S-P-F,,0.0,99,,
dynamic_static_class_recall_delta,D-P-F−S-P-F,,0.0,100,,
dynamic_static_class_recall_delta,D-P-F−S-P-F,,0.0,101,,
dynamic_static_class_recall_delta,D-P-F−S-P-F,,0.0,102,,
dynamic_static_class_recall_delta,D-P-F−S-P-F,,0.0,103,,
dynamic_static_class_recall_delta,D-P-F−S-P-F,,0.0,104,,
dynamic_static_class_recall_delta,D-P-F−S-P-F,,0.0,105,,
dynamic_static_class_recall_delta,D-P-F−S-P-F,,0.0,106,,
dynamic_static_class_recall_delta,D-P-F−S-P-F,,0.0,107,,
dynamic_static_class_recall_delta,D-P-F−S-P-F,,0.0,108,,
dynamic_static_class_recall_delta,D-P-F−S-P-F,,0.0,109,,
dynamic_static_class_recall_delta,D-P-F−S-P-F,,0.0,110,,
dynamic_static_class_recall_delta,D-P-F−S-P-F,,0.0,111,,
dynamic_static_class_recall_delta,D-P-F−S-P-F,,0.0,112,,
dynamic_static_class_recall_delta,D-P-F−S-P-F,,0.0,113,,
dynamic_static_class_recall_delta,D-P-F−S-P-F,,0.0,114,,
dynamic_static_class_recall_delta,D-P-F−S-P-F,,0.0,115,,
dynamic_static_class_recall_delta,D-P-F−S-P-F,,0.0,116,,
dynamic_static_class_recall_delta,D-P-F−S-P-F,,0.0,117,,
dynamic_static_class_recall_delta,D-P-F−S-P-F,,0.0,118,,
dynamic_static_class_recall_delta,D-P-F−S-P-F,,0.0,119,,
dynamic_static_class_recall_delta,D-A-F−S-A-F,,0.0,0,,
dynamic_static_class_recall_delta,D-A-F−S-A-F,,0.0,1,,
dynamic_static_class_recall_delta,D-A-F−S-A-F,,-0.16666666666666663,2,,
dynamic_static_class_recall_delta,D-A-F−S-A-F,,0.0,3,,
dynamic_static_class_recall_delta,D-A-F−S-A-F,,-0.19999999999999996,4,,
dynamic_static_class_recall_delta,D-A-F−S-A-F,,0.0,5,,
dynamic_static_class_recall_delta,D-A-F−S-A-F,,0.0,6,,
dynamic_static_class_recall_delta,D-A-F−S-A-F,,0.0,7,,
dynamic_static_class_recall_delta,D-A-F−S-A-F,,0.0,8,,
dynamic_static_class_recall_delta,D-A-F−S-A-F,,0.0,9,,
dynamic_static_class_recall_delta,D-A-F−S-A-F,,0.0,10,,
dynamic_static_class_recall_delta,D-A-F−S-A-F,,0.0,11,,
dynamic_static_class_recall_delta,D-A-F−S-A-F,,0.0,12,,
dynamic_static_class_recall_delta,D-A-F−S-A-F,,0.0,13,,
dynamic_static_class_recall_delta,D-A-F−S-A-F,,0.0,14,,
dynamic_static_class_recall_delta,D-A-F−S-A-F,,-0.1428571428571429,15,,
dynamic_static_class_recall_delta,D-A-F−S-A-F,,0.0,16,,
dynamic_static_class_recall_delta,D-A-F−S-A-F,,0.0,17,,
dynamic_static_class_recall_delta,D-A-F−S-A-F,,0.0,18,,
dynamic_static_class_recall_delta,D-A-F−S-A-F,,-0.16666666666666663,19,,
dynamic_static_class_recall_delta,D-A-F−S-A-F,,0.0,20,,
dynamic_static_class_recall_delta,D-A-F−S-A-F,,0.0,21,,
dynamic_static_class_recall_delta,D-A-F−S-A-F,,0.0,22,,
dynamic_static_class_recall_delta,D-A-F−S-A-F,,0.0,23,,
dynamic_static_class_recall_delta,D-A-F−S-A-F,,0.0,24,,
dynamic_static_class_recall_delta,D-A-F−S-A-F,,0.0,25,,
dynamic_static_class_recall_delta,D-A-F−S-A-F,,0.16666666666666663,26,,
dynamic_static_class_recall_delta,D-A-F−S-A-F,,0.0,27,,
dynamic_static_class_recall_delta,D-A-F−S-A-F,,0.0,28,,
dynamic_static_class_recall_delta,D-A-F−S-A-F,,0.0,29,,
dynamic_static_class_recall_delta,D-A-F−S-A-F,,0.0,30,,
dynamic_static_class_recall_delta,D-A-F−S-A-F,,0.0,31,,
dynamic_static_class_recall_delta,D-A-F−S-A-F,,0.0,32,,
dynamic_static_class_recall_delta,D-A-F−S-A-F,,0.0,33,,
dynamic_static_class_recall_delta,D-A-F−S-A-F,,0.0,34,,
dynamic_static_class_recall_delta,D-A-F−S-A-F,,0.0,35,,
dynamic_static_class_recall_delta,D-A-F−S-A-F,,0.0,36,,
dynamic_static_class_recall_delta,D-A-F−S-A-F,,0.0,37,,
dynamic_static_class_recall_delta,D-A-F−S-A-F,,0.0,38,,
dynamic_static_class_recall_delta,D-A-F−S-A-F,,0.0,39,,
dynamic_static_class_recall_delta,D-A-F−S-A-F,,0.0,40,,
dynamic_static_class_recall_delta,D-A-F−S-A-F,,0.0,41,,
dynamic_static_class_recall_delta,D-A-F−S-A-F,,0.0,42,,
dynamic_static_class_recall_delta,D-A-F−S-A-F,,0.0,43,,
dynamic_static_class_recall_delta,D-A-F−S-A-F,,0.0,44,,
dynamic_static_class_recall_delta,D-A-F−S-A-F,,0.0,45,,
dynamic_static_class_recall_delta,D-A-F−S-A-F,,0.0,46,,
dynamic_static_class_recall_delta,D-A-F−S-A-F,,0.0,47,,
dynamic_static_class_recall_delta,D-A-F−S-A-F,,0.16666666666666663,48,,
dynamic_static_class_recall_delta,D-A-F−S-A-F,,0.0,49,,
dynamic_static_class_recall_delta,D-A-F−S-A-F,,0.0,50,,
dynamic_static_class_recall_delta,D-A-F−S-A-F,,0.0,51,,
dynamic_static_class_recall_delta,D-A-F−S-A-F,,0.0,52,,
dynamic_static_class_recall_delta,D-A-F−S-A-F,,0.0,53,,
dynamic_static_class_recall_delta,D-A-F−S-A-F,,0.0,54,,
dynamic_static_class_recall_delta,D-A-F−S-A-F,,0.0,55,,
dynamic_static_class_recall_delta,D-A-F−S-A-F,,0.0,56,,
dynamic_static_class_recall_delta,D-A-F−S-A-F,,0.0,57,,
dynamic_static_class_recall_delta,D-A-F−S-A-F,,0.0,58,,
dynamic_static_class_recall_delta,D-A-F−S-A-F,,0.0,59,,
dynamic_static_class_recall_delta,D-A-F−S-A-F,,0.0,60,,
dynamic_static_class_recall_delta,D-A-F−S-A-F,,-1.0,61,,
dynamic_static_class_recall_delta,D-A-F−S-A-F,,0.0,62,,
dynamic_static_class_recall_delta,D-A-F−S-A-F,,1.0,63,,
dynamic_static_class_recall_delta,D-A-F−S-A-F,,0.0,64,,
dynamic_static_class_recall_delta,D-A-F−S-A-F,,0.0,65,,
dynamic_static_class_recall_delta,D-A-F−S-A-F,,0.0,66,,
dynamic_static_class_recall_delta,D-A-F−S-A-F,,0.0,67,,
dynamic_static_class_recall_delta,D-A-F−S-A-F,,1.0,68,,
dynamic_static_class_recall_delta,D-A-F−S-A-F,,0.0,69,,
dynamic_static_class_recall_delta,D-A-F−S-A-F,,-1.0,70,,
dynamic_static_class_recall_delta,D-A-F−S-A-F,,0.0,71,,
dynamic_static_class_recall_delta,D-A-F−S-A-F,,-1.0,72,,
dynamic_static_class_recall_delta,D-A-F−S-A-F,,0.0,73,,
dynamic_static_class_recall_delta,D-A-F−S-A-F,,0.0,74,,
dynamic_static_class_recall_delta,D-A-F−S-A-F,,0.16666666666666663,75,,
dynamic_static_class_recall_delta,D-A-F−S-A-F,,-0.16666666666666663,76,,
dynamic_static_class_recall_delta,D-A-F−S-A-F,,0.16666666666666663,77,,
dynamic_static_class_recall_delta,D-A-F−S-A-F,,0.16666666666666663,78,,
dynamic_static_class_recall_delta,D-A-F−S-A-F,,0.33333333333333337,79,,
dynamic_static_class_recall_delta,D-A-F−S-A-F,,0.16666666666666663,80,,
dynamic_static_class_recall_delta,D-A-F−S-A-F,,0.0,81,,
dynamic_static_class_recall_delta,D-A-F−S-A-F,,-0.16666666666666663,82,,
dynamic_static_class_recall_delta,D-A-F−S-A-F,,-0.33333333333333337,83,,
dynamic_static_class_recall_delta,D-A-F−S-A-F,,0.6666666666666667,84,,
dynamic_static_class_recall_delta,D-A-F−S-A-F,,0.5,85,,
dynamic_static_class_recall_delta,D-A-F−S-A-F,,0.16666666666666674,86,,
dynamic_static_class_recall_delta,D-A-F−S-A-F,,0.5,87,,
dynamic_static_class_recall_delta,D-A-F−S-A-F,,-0.5,88,,
dynamic_static_class_recall_delta,D-A-F−S-A-F,,0.16666666666666663,89,,
dynamic_static_class_recall_delta,D-A-F−S-A-F,,-0.5,90,,
dynamic_static_class_recall_delta,D-A-F−S-A-F,,1.0,91,,
dynamic_static_class_recall_delta,D-A-F−S-A-F,,1.0,92,,
dynamic_static_class_recall_delta,D-A-F−S-A-F,,0.0,93,,
dynamic_static_class_recall_delta,D-A-F−S-A-F,,0.0,94,,
dynamic_static_class_recall_delta,D-A-F−S-A-F,,1.0,95,,
dynamic_static_class_recall_delta,D-A-F−S-A-F,,-1.0,96,,
dynamic_static_class_recall_delta,D-A-F−S-A-F,,0.0,97,,
dynamic_static_class_recall_delta,D-A-F−S-A-F,,0.0,98,,
dynamic_static_class_recall_delta,D-A-F−S-A-F,,-1.0,99,,
dynamic_static_class_recall_delta,D-A-F−S-A-F,,0.0,100,,
dynamic_static_class_recall_delta,D-A-F−S-A-F,,-1.0,101,,
dynamic_static_class_recall_delta,D-A-F−S-A-F,,1.0,102,,
dynamic_static_class_recall_delta,D-A-F−S-A-F,,0.0,103,,
dynamic_static_class_recall_delta,D-A-F−S-A-F,,0.16666666666666663,104,,
dynamic_static_class_recall_delta,D-A-F−S-A-F,,0.0,105,,
dynamic_static_class_recall_delta,D-A-F−S-A-F,,0.0,106,,
dynamic_static_class_recall_delta,D-A-F−S-A-F,,0.0,107,,
dynamic_static_class_recall_delta,D-A-F−S-A-F,,0.0,108,,
dynamic_static_class_recall_delta,D-A-F−S-A-F,,0.0,109,,
dynamic_static_class_recall_delta,D-A-F−S-A-F,,0.0,110,,
dynamic_static_class_recall_delta,D-A-F−S-A-F,,0.0,111,,
dynamic_static_class_recall_delta,D-A-F−S-A-F,,0.0,112,,
dynamic_static_class_recall_delta,D-A-F−S-A-F,,0.0,113,,
dynamic_static_class_recall_delta,D-A-F−S-A-F,,0.0,114,,
dynamic_static_class_recall_delta,D-A-F−S-A-F,,0.0,115,,
dynamic_static_class_recall_delta,D-A-F−S-A-F,,0.0,116,,
dynamic_static_class_recall_delta,D-A-F−S-A-F,,0.0,117,,
dynamic_static_class_recall_delta,D-A-F−S-A-F,,0.0,118,,
dynamic_static_class_recall_delta,D-A-F−S-A-F,,0.0,119,,
dynamic_static_class_recall_delta,D-P-L−S-P-L,,0.0,0,,
dynamic_static_class_recall_delta,D-P-L−S-P-L,,0.0,1,,
dynamic_static_class_recall_delta,D-P-L−S-P-L,,0.0,2,,
dynamic_static_class_recall_delta,D-P-L−S-P-L,,0.0,3,,
dynamic_static_class_recall_delta,D-P-L−S-P-L,,0.0,4,,
dynamic_static_class_recall_delta,D-P-L−S-P-L,,0.0,5,,
dynamic_static_class_recall_delta,D-P-L−S-P-L,,0.0,6,,
dynamic_static_class_recall_delta,D-P-L−S-P-L,,-0.16666666666666674,7,,
dynamic_static_class_recall_delta,D-P-L−S-P-L,,-0.16666666666666663,8,,
dynamic_static_class_recall_delta,D-P-L−S-P-L,,0.0,9,,
dynamic_static_class_recall_delta,D-P-L−S-P-L,,0.0,10,,
dynamic_static_class_recall_delta,D-P-L−S-P-L,,0.0,11,,
dynamic_static_class_recall_delta,D-P-L−S-P-L,,0.0,12,,
dynamic_static_class_recall_delta,D-P-L−S-P-L,,0.0,13,,
dynamic_static_class_recall_delta,D-P-L−S-P-L,,0.0,14,,
dynamic_static_class_recall_delta,D-P-L−S-P-L,,0.0,15,,
dynamic_static_class_recall_delta,D-P-L−S-P-L,,0.0,16,,
dynamic_static_class_recall_delta,D-P-L−S-P-L,,0.0,17,,
dynamic_static_class_recall_delta,D-P-L−S-P-L,,0.0,18,,
dynamic_static_class_recall_delta,D-P-L−S-P-L,,0.0,19,,
dynamic_static_class_recall_delta,D-P-L−S-P-L,,0.0,20,,
dynamic_static_class_recall_delta,D-P-L−S-P-L,,0.0,21,,
dynamic_static_class_recall_delta,D-P-L−S-P-L,,0.0,22,,
dynamic_static_class_recall_delta,D-P-L−S-P-L,,0.0,23,,
dynamic_static_class_recall_delta,D-P-L−S-P-L,,0.0,24,,
dynamic_static_class_recall_delta,D-P-L−S-P-L,,0.0,25,,
dynamic_static_class_recall_delta,D-P-L−S-P-L,,0.0,26,,
dynamic_static_class_recall_delta,D-P-L−S-P-L,,0.0,27,,
dynamic_static_class_recall_delta,D-P-L−S-P-L,,0.0,28,,
dynamic_static_class_recall_delta,D-P-L−S-P-L,,0.0,29,,
dynamic_static_class_recall_delta,D-P-L−S-P-L,,0.0,30,,
dynamic_static_class_recall_delta,D-P-L−S-P-L,,0.0,31,,
dynamic_static_class_recall_delta,D-P-L−S-P-L,,0.0,32,,
dynamic_static_class_recall_delta,D-P-L−S-P-L,,0.0,33,,
dynamic_static_class_recall_delta,D-P-L−S-P-L,,0.0,34,,
dynamic_static_class_recall_delta,D-P-L−S-P-L,,0.0,35,,
dynamic_static_class_recall_delta,D-P-L−S-P-L,,0.0,36,,
dynamic_static_class_recall_delta,D-P-L−S-P-L,,0.0,37,,
dynamic_static_class_recall_delta,D-P-L−S-P-L,,0.0,38,,
dynamic_static_class_recall_delta,D-P-L−S-P-L,,0.0,39,,
dynamic_static_class_recall_delta,D-P-L−S-P-L,,0.0,40,,
dynamic_static_class_recall_delta,D-P-L−S-P-L,,0.0,41,,
dynamic_static_class_recall_delta,D-P-L−S-P-L,,0.0,42,,
dynamic_static_class_recall_delta,D-P-L−S-P-L,,0.0,43,,
dynamic_static_class_recall_delta,D-P-L−S-P-L,,0.0,44,,
dynamic_static_class_recall_delta,D-P-L−S-P-L,,0.0,45,,
dynamic_static_class_recall_delta,D-P-L−S-P-L,,0.0,46,,
dynamic_static_class_recall_delta,D-P-L−S-P-L,,0.0,47,,
dynamic_static_class_recall_delta,D-P-L−S-P-L,,0.0,48,,
dynamic_static_class_recall_delta,D-P-L−S-P-L,,0.0,49,,
dynamic_static_class_recall_delta,D-P-L−S-P-L,,0.0,50,,
dynamic_static_class_recall_delta,D-P-L−S-P-L,,0.0,51,,
dynamic_static_class_recall_delta,D-P-L−S-P-L,,0.0,52,,
dynamic_static_class_recall_delta,D-P-L−S-P-L,,0.0,53,,
dynamic_static_class_recall_delta,D-P-L−S-P-L,,0.0,54,,
dynamic_static_class_recall_delta,D-P-L−S-P-L,,0.0,55,,
dynamic_static_class_recall_delta,D-P-L−S-P-L,,0.0,56,,
dynamic_static_class_recall_delta,D-P-L−S-P-L,,0.0,57,,
dynamic_static_class_recall_delta,D-P-L−S-P-L,,0.0,58,,
dynamic_static_class_recall_delta,D-P-L−S-P-L,,0.0,59,,
dynamic_static_class_recall_delta,D-P-L−S-P-L,,0.0,60,,
dynamic_static_class_recall_delta,D-P-L−S-P-L,,-1.0,61,,
dynamic_static_class_recall_delta,D-P-L−S-P-L,,0.0,62,,
dynamic_static_class_recall_delta,D-P-L−S-P-L,,0.0,63,,
dynamic_static_class_recall_delta,D-P-L−S-P-L,,0.0,64,,
dynamic_static_class_recall_delta,D-P-L−S-P-L,,0.0,65,,
dynamic_static_class_recall_delta,D-P-L−S-P-L,,0.0,66,,
dynamic_static_class_recall_delta,D-P-L−S-P-L,,0.0,67,,
dynamic_static_class_recall_delta,D-P-L−S-P-L,,0.0,68,,
dynamic_static_class_recall_delta,D-P-L−S-P-L,,0.0,69,,
dynamic_static_class_recall_delta,D-P-L−S-P-L,,0.0,70,,
dynamic_static_class_recall_delta,D-P-L−S-P-L,,0.0,71,,
dynamic_static_class_recall_delta,D-P-L−S-P-L,,0.0,72,,
dynamic_static_class_recall_delta,D-P-L−S-P-L,,0.0,73,,
dynamic_static_class_recall_delta,D-P-L−S-P-L,,-0.16666666666666674,74,,
dynamic_static_class_recall_delta,D-P-L−S-P-L,,0.16666666666666663,75,,
dynamic_static_class_recall_delta,D-P-L−S-P-L,,-0.16666666666666663,76,,
dynamic_static_class_recall_delta,D-P-L−S-P-L,,0.0,77,,
dynamic_static_class_recall_delta,D-P-L−S-P-L,,0.0,78,,
dynamic_static_class_recall_delta,D-P-L−S-P-L,,0.0,79,,
dynamic_static_class_recall_delta,D-P-L−S-P-L,,0.16666666666666674,80,,
dynamic_static_class_recall_delta,D-P-L−S-P-L,,0.0,81,,
dynamic_static_class_recall_delta,D-P-L−S-P-L,,0.0,82,,
dynamic_static_class_recall_delta,D-P-L−S-P-L,,-0.33333333333333337,83,,
dynamic_static_class_recall_delta,D-P-L−S-P-L,,-0.5,84,,
dynamic_static_class_recall_delta,D-P-L−S-P-L,,0.16666666666666663,85,,
dynamic_static_class_recall_delta,D-P-L−S-P-L,,-0.16666666666666663,86,,
dynamic_static_class_recall_delta,D-P-L−S-P-L,,-0.33333333333333337,87,,
dynamic_static_class_recall_delta,D-P-L−S-P-L,,0.16666666666666663,88,,
dynamic_static_class_recall_delta,D-P-L−S-P-L,,0.0,89,,
dynamic_static_class_recall_delta,D-P-L−S-P-L,,0.16666666666666674,90,,
dynamic_static_class_recall_delta,D-P-L−S-P-L,,1.0,91,,
dynamic_static_class_recall_delta,D-P-L−S-P-L,,0.0,92,,
dynamic_static_class_recall_delta,D-P-L−S-P-L,,0.0,93,,
dynamic_static_class_recall_delta,D-P-L−S-P-L,,0.0,94,,
dynamic_static_class_recall_delta,D-P-L−S-P-L,,0.0,95,,
dynamic_static_class_recall_delta,D-P-L−S-P-L,,0.0,96,,
dynamic_static_class_recall_delta,D-P-L−S-P-L,,0.0,97,,
dynamic_static_class_recall_delta,D-P-L−S-P-L,,0.0,98,,
dynamic_static_class_recall_delta,D-P-L−S-P-L,,0.0,99,,
dynamic_static_class_recall_delta,D-P-L−S-P-L,,0.0,100,,
dynamic_static_class_recall_delta,D-P-L−S-P-L,,0.0,101,,
dynamic_static_class_recall_delta,D-P-L−S-P-L,,1.0,102,,
dynamic_static_class_recall_delta,D-P-L−S-P-L,,0.0,103,,
dynamic_static_class_recall_delta,D-P-L−S-P-L,,0.0,104,,
dynamic_static_class_recall_delta,D-P-L−S-P-L,,0.0,105,,
dynamic_static_class_recall_delta,D-P-L−S-P-L,,0.0,106,,
dynamic_static_class_recall_delta,D-P-L−S-P-L,,0.0,107,,
dynamic_static_class_recall_delta,D-P-L−S-P-L,,0.0,108,,
dynamic_static_class_recall_delta,D-P-L−S-P-L,,0.0,109,,
dynamic_static_class_recall_delta,D-P-L−S-P-L,,0.0,110,,
dynamic_static_class_recall_delta,D-P-L−S-P-L,,0.0,111,,
dynamic_static_class_recall_delta,D-P-L−S-P-L,,0.0,112,,
dynamic_static_class_recall_delta,D-P-L−S-P-L,,0.0,113,,
dynamic_static_class_recall_delta,D-P-L−S-P-L,,0.0,114,,
dynamic_static_class_recall_delta,D-P-L−S-P-L,,0.0,115,,
dynamic_static_class_recall_delta,D-P-L−S-P-L,,0.0,116,,
dynamic_static_class_recall_delta,D-P-L−S-P-L,,0.0,117,,
dynamic_static_class_recall_delta,D-P-L−S-P-L,,0.0,118,,
dynamic_static_class_recall_delta,D-P-L−S-P-L,,0.0,119,,
dynamic_static_class_recall_delta,D-A-L−S-A-L,,0.0,0,,
dynamic_static_class_recall_delta,D-A-L−S-A-L,,0.0,1,,
dynamic_static_class_recall_delta,D-A-L−S-A-L,,0.0,2,,
dynamic_static_class_recall_delta,D-A-L−S-A-L,,0.0,3,,
dynamic_static_class_recall_delta,D-A-L−S-A-L,,0.0,4,,
dynamic_static_class_recall_delta,D-A-L−S-A-L,,0.0,5,,
dynamic_static_class_recall_delta,D-A-L−S-A-L,,0.0,6,,
dynamic_static_class_recall_delta,D-A-L−S-A-L,,0.0,7,,
dynamic_static_class_recall_delta,D-A-L−S-A-L,,0.0,8,,
dynamic_static_class_recall_delta,D-A-L−S-A-L,,0.0,9,,
dynamic_static_class_recall_delta,D-A-L−S-A-L,,0.0,10,,
dynamic_static_class_recall_delta,D-A-L−S-A-L,,0.0,11,,
dynamic_static_class_recall_delta,D-A-L−S-A-L,,0.0,12,,
dynamic_static_class_recall_delta,D-A-L−S-A-L,,0.0,13,,
dynamic_static_class_recall_delta,D-A-L−S-A-L,,0.0,14,,
dynamic_static_class_recall_delta,D-A-L−S-A-L,,-0.1428571428571429,15,,
dynamic_static_class_recall_delta,D-A-L−S-A-L,,0.0,16,,
dynamic_static_class_recall_delta,D-A-L−S-A-L,,0.0,17,,
dynamic_static_class_recall_delta,D-A-L−S-A-L,,0.0,18,,
dynamic_static_class_recall_delta,D-A-L−S-A-L,,0.0,19,,
dynamic_static_class_recall_delta,D-A-L−S-A-L,,0.0,20,,
dynamic_static_class_recall_delta,D-A-L−S-A-L,,0.0,21,,
dynamic_static_class_recall_delta,D-A-L−S-A-L,,0.0,22,,
dynamic_static_class_recall_delta,D-A-L−S-A-L,,0.0,23,,
dynamic_static_class_recall_delta,D-A-L−S-A-L,,0.0,24,,
dynamic_static_class_recall_delta,D-A-L−S-A-L,,0.0,25,,
dynamic_static_class_recall_delta,D-A-L−S-A-L,,0.0,26,,
dynamic_static_class_recall_delta,D-A-L−S-A-L,,0.0,27,,
dynamic_static_class_recall_delta,D-A-L−S-A-L,,0.0,28,,
dynamic_static_class_recall_delta,D-A-L−S-A-L,,0.0,29,,
dynamic_static_class_recall_delta,D-A-L−S-A-L,,0.0,30,,
dynamic_static_class_recall_delta,D-A-L−S-A-L,,0.0,31,,
dynamic_static_class_recall_delta,D-A-L−S-A-L,,0.0,32,,
dynamic_static_class_recall_delta,D-A-L−S-A-L,,0.16666666666666663,33,,
dynamic_static_class_recall_delta,D-A-L−S-A-L,,0.0,34,,
dynamic_static_class_recall_delta,D-A-L−S-A-L,,0.0,35,,
dynamic_static_class_recall_delta,D-A-L−S-A-L,,0.0,36,,
dynamic_static_class_recall_delta,D-A-L−S-A-L,,0.0,37,,
dynamic_static_class_recall_delta,D-A-L−S-A-L,,0.0,38,,
dynamic_static_class_recall_delta,D-A-L−S-A-L,,0.0,39,,
dynamic_static_class_recall_delta,D-A-L−S-A-L,,0.0,40,,
dynamic_static_class_recall_delta,D-A-L−S-A-L,,0.0,41,,
dynamic_static_class_recall_delta,D-A-L−S-A-L,,0.0,42,,
dynamic_static_class_recall_delta,D-A-L−S-A-L,,0.0,43,,
dynamic_static_class_recall_delta,D-A-L−S-A-L,,0.0,44,,
dynamic_static_class_recall_delta,D-A-L−S-A-L,,0.16666666666666663,45,,
dynamic_static_class_recall_delta,D-A-L−S-A-L,,0.0,46,,
dynamic_static_class_recall_delta,D-A-L−S-A-L,,0.0,47,,
dynamic_static_class_recall_delta,D-A-L−S-A-L,,0.0,48,,
dynamic_static_class_recall_delta,D-A-L−S-A-L,,0.0,49,,
dynamic_static_class_recall_delta,D-A-L−S-A-L,,0.0,50,,
dynamic_static_class_recall_delta,D-A-L−S-A-L,,0.0,51,,
dynamic_static_class_recall_delta,D-A-L−S-A-L,,0.0,52,,
dynamic_static_class_recall_delta,D-A-L−S-A-L,,0.0,53,,
dynamic_static_class_recall_delta,D-A-L−S-A-L,,0.0,54,,
dynamic_static_class_recall_delta,D-A-L−S-A-L,,0.0,55,,
dynamic_static_class_recall_delta,D-A-L−S-A-L,,0.0,56,,
dynamic_static_class_recall_delta,D-A-L−S-A-L,,0.0,57,,
dynamic_static_class_recall_delta,D-A-L−S-A-L,,0.0,58,,
dynamic_static_class_recall_delta,D-A-L−S-A-L,,0.0,59,,
dynamic_static_class_recall_delta,D-A-L−S-A-L,,0.0,60,,
dynamic_static_class_recall_delta,D-A-L−S-A-L,,-1.0,61,,
dynamic_static_class_recall_delta,D-A-L−S-A-L,,-1.0,62,,
dynamic_static_class_recall_delta,D-A-L−S-A-L,,-1.0,63,,
dynamic_static_class_recall_delta,D-A-L−S-A-L,,-1.0,64,,
dynamic_static_class_recall_delta,D-A-L−S-A-L,,0.0,65,,
dynamic_static_class_recall_delta,D-A-L−S-A-L,,0.0,66,,
dynamic_static_class_recall_delta,D-A-L−S-A-L,,0.0,67,,
dynamic_static_class_recall_delta,D-A-L−S-A-L,,0.0,68,,
dynamic_static_class_recall_delta,D-A-L−S-A-L,,0.0,69,,
dynamic_static_class_recall_delta,D-A-L−S-A-L,,0.0,70,,
dynamic_static_class_recall_delta,D-A-L−S-A-L,,0.0,71,,
dynamic_static_class_recall_delta,D-A-L−S-A-L,,0.0,72,,
dynamic_static_class_recall_delta,D-A-L−S-A-L,,0.0,73,,
dynamic_static_class_recall_delta,D-A-L−S-A-L,,0.16666666666666663,74,,
dynamic_static_class_recall_delta,D-A-L−S-A-L,,0.33333333333333337,75,,
dynamic_static_class_recall_delta,D-A-L−S-A-L,,0.0,76,,
dynamic_static_class_recall_delta,D-A-L−S-A-L,,-0.5,77,,
dynamic_static_class_recall_delta,D-A-L−S-A-L,,0.16666666666666663,78,,
dynamic_static_class_recall_delta,D-A-L−S-A-L,,-0.16666666666666674,79,,
dynamic_static_class_recall_delta,D-A-L−S-A-L,,-0.33333333333333337,80,,
dynamic_static_class_recall_delta,D-A-L−S-A-L,,0.0,81,,
dynamic_static_class_recall_delta,D-A-L−S-A-L,,0.33333333333333337,82,,
dynamic_static_class_recall_delta,D-A-L−S-A-L,,-0.16666666666666674,83,,
dynamic_static_class_recall_delta,D-A-L−S-A-L,,-0.3333333333333333,84,,
dynamic_static_class_recall_delta,D-A-L−S-A-L,,0.16666666666666663,85,,
dynamic_static_class_recall_delta,D-A-L−S-A-L,,0.0,86,,
dynamic_static_class_recall_delta,D-A-L−S-A-L,,0.16666666666666663,87,,
dynamic_static_class_recall_delta,D-A-L−S-A-L,,-0.5,88,,
dynamic_static_class_recall_delta,D-A-L−S-A-L,,0.16666666666666663,89,,
dynamic_static_class_recall_delta,D-A-L−S-A-L,,0.16666666666666663,90,,
dynamic_static_class_recall_delta,D-A-L−S-A-L,,1.0,91,,
dynamic_static_class_recall_delta,D-A-L−S-A-L,,0.0,92,,
dynamic_static_class_recall_delta,D-A-L−S-A-L,,-1.0,93,,
dynamic_static_class_recall_delta,D-A-L−S-A-L,,-1.0,94,,
dynamic_static_class_recall_delta,D-A-L−S-A-L,,0.0,95,,
dynamic_static_class_recall_delta,D-A-L−S-A-L,,-1.0,96,,
dynamic_static_class_recall_delta,D-A-L−S-A-L,,0.0,97,,
dynamic_static_class_recall_delta,D-A-L−S-A-L,,0.0,98,,
dynamic_static_class_recall_delta,D-A-L−S-A-L,,-1.0,99,,
dynamic_static_class_recall_delta,D-A-L−S-A-L,,1.0,100,,
dynamic_static_class_recall_delta,D-A-L−S-A-L,,-1.0,101,,
dynamic_static_class_recall_delta,D-A-L−S-A-L,,1.0,102,,
dynamic_static_class_recall_delta,D-A-L−S-A-L,,0.0,103,,
dynamic_static_class_recall_delta,D-A-L−S-A-L,,0.0,104,,
dynamic_static_class_recall_delta,D-A-L−S-A-L,,0.0,105,,
dynamic_static_class_recall_delta,D-A-L−S-A-L,,0.0,106,,
dynamic_static_class_recall_delta,D-A-L−S-A-L,,0.0,107,,
dynamic_static_class_recall_delta,D-A-L−S-A-L,,0.0,108,,
dynamic_static_class_recall_delta,D-A-L−S-A-L,,0.16666666666666663,109,,
dynamic_static_class_recall_delta,D-A-L−S-A-L,,-1.0,110,,
dynamic_static_class_recall_delta,D-A-L−S-A-L,,0.0,111,,
dynamic_static_class_recall_delta,D-A-L−S-A-L,,0.0,112,,
dynamic_static_class_recall_delta,D-A-L−S-A-L,,0.0,113,,
dynamic_static_class_recall_delta,D-A-L−S-A-L,,0.0,114,,
dynamic_static_class_recall_delta,D-A-L−S-A-L,,0.0,115,,
dynamic_static_class_recall_delta,D-A-L−S-A-L,,0.0,116,,
dynamic_static_class_recall_delta,D-A-L−S-A-L,,0.0,117,,
dynamic_static_class_recall_delta,D-A-L−S-A-L,,0.0,118,,
dynamic_static_class_recall_delta,D-A-L−S-A-L,,0.0,119,,
