cell,input,head,adaptation,seed,source_run_status,status,best_epoch,prediction_artifact_id,prediction_sha256,checkpoint_artifact_id,config_artifact_id,total_dev_validation_rows,final_test_accessed,merged_equivalent,canonical_inference
D-P-F,dynamic,pooled,frozen,20260825,complete,accepted_complete,12,server-only://core-a/D-P-F/prediction_best,4abe95d2346a395ec7de2ee8a7e5086e9d849022ceb2b518ad83dc7c9645fbf2,server-only://core-a/D-P-F/checkpoint_best,server-only://core-a/D-P-F/run_config_locked,617,0,not_applicable,direct_best_checkpoint
D-P-L,dynamic,pooled,lora,20260825,failed,accepted_derived_unmerged,,server-only://core-a/D-P-L/prediction_best,617007787ceda3e8d092b0e76c7bfa771fc146d2902267157f1b716840614d63,server-only://core-a/D-P-L/checkpoint_best,server-only://core-a/D-P-L/run_config_locked,617,0,False,unmerged_base_plus_adapter
D-A-F,dynamic,attentive,frozen,20260825,complete,accepted_complete,12,server-only://core-a/D-A-F/prediction_best,62dc05acc037d7b4392aad62239ad31ab2b2e1aec685b30f1db4569918808146,server-only://core-a/D-A-F/checkpoint_best,server-only://core-a/D-A-F/run_config_locked,617,0,not_applicable,direct_best_checkpoint
D-A-L,dynamic,attentive,lora,20260825,complete,accepted_complete,12,server-only://core-a/D-A-L/prediction_best,d53bb1d54444c24b6e1d2421d4d6797091f395ca4e55c82332e02e88b35be690,server-only://core-a/D-A-L/checkpoint_best,server-only://core-a/D-A-L/run_config_locked,617,0,False,unmerged_base_plus_adapter
S-P-F,static,pooled,frozen,20260825,complete,accepted_complete,17,server-only://core-a/S-P-F/prediction_best,2518e3625fedc92a8cf8430e4ec26453f9ad19cec3a09241eb0813619688192a,server-only://core-a/S-P-F/checkpoint_best,server-only://core-a/S-P-F/run_config_locked,617,0,not_applicable,direct_best_checkpoint
S-P-L,static,pooled,lora,20260825,complete,accepted_complete,14,server-only://core-a/S-P-L/prediction_best,7aa166540f04ec812b2e4b8df93d93c119f1201c52408d3ae9398d9d4cf53c4e,server-only://core-a/S-P-L/checkpoint_best,server-only://core-a/S-P-L/run_config_locked,617,0,False,unmerged_base_plus_adapter
S-A-F,static,attentive,frozen,20260825,complete,accepted_complete,14,server-only://core-a/S-A-F/prediction_best,babbb155a4f935d72f8a6a39af6088a55ae374b268066175d4a424b376c8d9bd,server-only://core-a/S-A-F/checkpoint_best,server-only://core-a/S-A-F/run_config_locked,617,0,not_applicable,direct_best_checkpoint
S-A-L,static,attentive,lora,20260825,complete,accepted_complete,15,server-only://core-a/S-A-L/prediction_best,e09d422c58a915a3cd690f664795df2b2b91bc3026091f1b05ae922f256ee41a,server-only://core-a/S-A-L/checkpoint_best,server-only://core-a/S-A-L/run_config_locked,617,0,False,unmerged_base_plus_adapter
STATE-CTRL,state_only,state_mlp,head_only,20260825,complete,accepted_complete,20,server-only://core-a/STATE-CTRL/prediction_best,a79695b559e7d744e8adf9f2f2e0abf90faeab30a2c2386d293f20ed8db3b924,server-only://core-a/STATE-CTRL/checkpoint_best,server-only://core-a/STATE-CTRL/run_config_locked,617,0,not_applicable,direct_best_checkpoint
