experiment_id,family,question,treatment_control,task_count,population,seed_or_replication,planned,executed,accepted,primary_metrics,canonical_status,evidence,limitation,next_relation
CORE_A_DATA_G1_V3,data_and_duplicate_safe_split,Can the G1 metadata and duplicate-safe v3 split be audited without using final-test metrics?,v3 duplicate-safe manifest; retired v2 group-safe split is the historical control,120 primary classes,2757 train; 617 development-validation; final-test locked,split seed 20260825,1,1,1,"manifest counts, duplicate groups, leakage/ID QA",accepted_metadata_contract,data_metadata/core_a/v3_split_summary.json; data_metadata/core_a/tasks.csv,No raw data or final-test labels are distributed.,Shared prerequisite for every Core A model family.
CORE_A_STATE_ONLY_REFERENCE,state_only_shortcut_control,How much task recognition is available from state alone?,state-only MLP; video methods are the non-state reference,120,historical development-validation matrix,historical aggregate; source table reports seed-level SD,1,1,1,see results/core_a/BASELINE_PANORAMA.csv,historical_reference,server-only://core-a/historical/state_only,State recognition is not evidence that video models understand dynamics.,Interpret alongside matched dynamic/static video conditions.
CORE_A_R3D18_REFERENCE,frozen_r3d18_reference,What is the conventional frozen video reference on the same development population?,frozen Kinetics-400 R3D-18 penultimate features,120,historical development-validation matrix,historical aggregate; source table reports seed-level SD,1,1,1,see results/core_a/BASELINE_PANORAMA.csv,historical_reference,server-only://core-a/historical/r3d18_kinetics400_v1,This reference does not isolate dynamic versus static input.,Context for frozen V-JEPA baselines.
CORE_A_VJEPA_POOLED_AND_GEOMETRY,frozen_pooled_dynamic_static_and_feature_geometry,"Is task structure already present in frozen V-JEPA features, and does dynamic input help?",pooled dynamic versus repeated-first-frame static; 1-NN and centroid geometry checks,120,historical development-validation matrix,historical aggregate; source table reports seed-level SD where available,1,1,1,"Top-1, Top-5, macro-F1, NLL, ECE",historical_reference,results/core_a/BASELINE_PANORAMA.csv,"Historical dynamic/static differences can reflect sampling, optimization, or head effects.",Motivates the matched Full-120 factorial.
CORE_A_ATTENTIVE_V3,frozen_attentive_dynamic_static,Does the attentive head improve over pooled frozen representations?,attentive dynamic versus attentive repeated-first-frame static; pooled references remain separate,120,historical development-validation matrix,historical multi-seed aggregate with sample SD,2,2,2,"Top-1, Top-5, macro-F1, NLL, ECE",historical_reference,results/core_a/BASELINE_PANORAMA.csv; results/core_a/BATCH_SIZE_EFFECTS.csv,Attentive-head results are not encoder-only evidence.,Head choice is a factor in Full-120 LoRA Stage1.
CORE_A_12_TASK_PILOTS,12_task_frozen_and_lora_pilots,Can the frozen and Top-2 LoRA training seams run on a small pilot?,12-task frozen pilot versus 12-task Top-2 LoRA pilot,12,412 train; validation count differs by pilot protocol (88 frozen; 90 LoRA),LoRA pilot used 3 seeds,2,2,2,"pilot Top-1, Top-5, macro-F1",exploratory_only,server-only://core-a/pilot/metrics; scripts/core_a/run_vjepa_top2_lora_pilot.py,Pilot results cannot be promoted to Full-120 evidence.,Pilot seam only; Full-120 is an independent family.
CORE_A_BATCH_SIZE_SCREEN,batch4_batch32_batch48_screening,How sensitive are frozen attentive results to batch size and single-factor screening?,"Batch-4, Batch-32, Batch-48; dynamic/static and depth/label-smoothing/class-balanced screens",120,2757 train; 617 development-validation,Batch-48 standard aggregate n=3; other rows follow source aggregate contracts,6,6,6,Top-1 and macro-F1 with source-declared sample SD,historical_screening,results/core_a/BATCH_SIZE_EFFECTS.csv; configs/core_a/batch48/,These are not the Full-120 LoRA Stage1 estimates and are not a single ranking.,Exposes optimization/protocol sensitivity before Stage1 interpretation.
CORE_A_FULL120_LORA_STAGE1,full120_lora_factorial_stage1,"Under matched dynamic/static and pooled/attentive conditions, does top-block LoRA add a dynamic-specific gain?","LoRA versus frozen, crossed with dynamic versus repeated-first-frame static and pooled versus attentive; plus STATE-CTRL",120,2757 train; 617 development-validation; final-test locked,single seed 20260825; physical batch 8 x accumulation 4 = effective 32,9,9,9,"Top-1, Top-5, macro-F1; paired episode bootstrap and McNemar/Holm for effects",accepted_9_of_9_with_unmerged_dpl,experiments/core_a/RUN_LEVEL_RESULTS.csv; experiments/core_a/ACCEPTANCE_SUMMARY.csv,Single seed; effective batch differs from locked batch-48 protocol; D-P-L uses unmerged derived inference.,Stage2 is not launched because dynamic-specific gate components were not satisfied.
CORE_A_FULL120_LORA_STAGE2,full120_lora_stage2_confirmation,Would a gated multi-seed confirmation support a dynamic-specific LoRA claim?,Locked conditional Stage2 plan,120,planned development-validation only,planned seeds are recorded in the locked protocol,12,0,0,not measured,not_launched,data_metadata/core_a/full120_lora_protocol_public_summary.json,No Stage2 result or cross-seed confirmation exists in this release.,Requires a separately authorized protocol decision.
CORE_A_ENGINEERING_VALIDATION,checkpoint_merge_writer_schema_and_metric_qa,"Can checkpoint loading, merge seams, schemas, IDs, and metrics be validated without treating QA as model evidence?","strict checkpoint replay, unmerged canonical export, independent logits metric recomputation",9 current cells,617 development-validation rows per current cell,read-only replay/QA; no new training,1,1,1,schema/ID/argmax/finite checks; FP32 and BF16 merge comparisons,passed_with_failed_bf16_merge_diagnostic,docs/core_a/ENGINEERING_VALIDATION.md; docs/core_a/publication/PROVENANCE_AND_CHECKSUMS.md,Engineering pass does not establish cross-seed scientific stability.,Keeps D-P-L on the unmerged scientific path.
