public_destination,size_bytes,sha256,file_type,source_id,source_sha256,source_note,canonical_status,public_value,license_or_ownership,contains_server_path,contains_secret_risk,contains_large_artifact,selected_for_publication,selection_or_exclusion_reason
.env.example,350,91f10befdce81db9edb8cde55c2ea4210685c913288b48c274c2edefdbd1ffc5,example,generated_public_environment_template,,source path is a redacted logical ID or generated artifact,generated_template,reproducibility_or_small_evidence,project_authored,false,false,false,true,explicitly selected after manifest/import/safety review
.gitignore,695,9411a2b11702c9520af920ea997aa4863138d9eb98dbaf798a1f07b01e6c0291,.gitignore,target_repository_scaffold,,source path is a redacted logical ID or generated artifact,target_scaffold,reproducibility_or_small_evidence,project_authored,false,false,false,true,explicitly selected after manifest/import/safety review
README.md,3968,744580452ef23d6a7294ff4390fa8a8da15d99b6d03f25be6280d30a2986ed9a,md,target_repository_scaffold_updated_for_core_a,,source path is a redacted logical ID or generated artifact,target_scaffold_update,reproducibility_or_small_evidence,project_authored,false,false,false,true,explicitly selected after manifest/import/safety review
README.zh-CN.md,4552,a6ea461c71e82911e00f1a1d9f238a6b56b1f04c68f8e4a314f2c4a452111a94,md,target_repository_scaffold_updated_for_core_a,,source path is a redacted logical ID or generated artifact,target_scaffold_update,reproducibility_or_small_evidence,project_authored,false,false,false,true,explicitly selected after manifest/import/safety review
configs/core_a/batch48/class_balanced_dynamic.yaml,2322,78171e0e9e8502370465b4e6315132a6ffabadf1a50ba5bff430a6d53feb63df,yaml,repo/ee6008-humanoid-vjepa/reports/benchmarks/CORE_A_BATCH48_ABLATION_MATRIX_V3_20260830/configs/class_balanced_dynamic.yaml,99cb12a88e301d55de202caf3ff33ae483d7bf6c80bb5a50ddeb85c19606e3c1,,path_redacted_config,reproducibility_or_small_evidence,project_authored,false,false,false,true,explicitly selected after manifest/import/safety review
configs/core_a/batch48/class_balanced_static.yaml,2386,87962c998f090a33bc7cf77d6fdd84a1c37edac80372084b5259cc000450933d,yaml,repo/ee6008-humanoid-vjepa/reports/benchmarks/CORE_A_BATCH48_ABLATION_MATRIX_V3_20260830/configs/class_balanced_static.yaml,5f175fe8a41af2539e6e43957e73877b5f9b2371feb6a11f86b3e20e0ae5a295,,path_redacted_config,reproducibility_or_small_evidence,project_authored,false,false,false,true,explicitly selected after manifest/import/safety review
configs/core_a/batch48/depth2_dynamic.yaml,2106,ad7d041f6237b2cf82529cb2fba8d69f24bc8c1d64e9fc579d585b36a9abb388,yaml,repo/ee6008-humanoid-vjepa/reports/benchmarks/CORE_A_BATCH48_ABLATION_MATRIX_V3_20260830/configs/depth2_dynamic.yaml,6a654418dfd1e24b018e1e10acbda0ef747e59288e294493c335579d93bbb1b9,,path_redacted_config,reproducibility_or_small_evidence,project_authored,false,false,false,true,explicitly selected after manifest/import/safety review
configs/core_a/batch48/depth2_static.yaml,2170,37cf00eba344c2eda3e02ed9a225175ac24de61ae7d09e2d42380db8603df2c0,yaml,repo/ee6008-humanoid-vjepa/reports/benchmarks/CORE_A_BATCH48_ABLATION_MATRIX_V3_20260830/configs/depth2_static.yaml,3ce0e94e3b91597ce0e9e807b4ee7e6e84cd21b2f98b4e5edf01ce93ddbce8e3,,path_redacted_config,reproducibility_or_small_evidence,project_authored,false,false,false,true,explicitly selected after manifest/import/safety review
configs/core_a/batch48/label_smoothing_dynamic.yaml,2144,d9a03bbb52f04cba566a10ee64482f57f6b22c2919e3ef582a1d9fcc936f841c,yaml,repo/ee6008-humanoid-vjepa/reports/benchmarks/CORE_A_BATCH48_ABLATION_MATRIX_V3_20260830/configs/label_smoothing_dynamic.yaml,ddf74b30f755c39a8491a03111acafbe91a0454e91e9037c5adac1dfdfe929d7,,path_redacted_config,reproducibility_or_small_evidence,project_authored,false,false,false,true,explicitly selected after manifest/import/safety review
configs/core_a/batch48/label_smoothing_static.yaml,2208,883691d9604c8d4648143ebb71e6ccc13d8ec462ec80900734af8bd82a688e42,yaml,repo/ee6008-humanoid-vjepa/reports/benchmarks/CORE_A_BATCH48_ABLATION_MATRIX_V3_20260830/configs/label_smoothing_static.yaml,d7e0e51a1f66e663df70e91dd3f965d71fca6fa2dc8d2795d4c4feb528e233a0,,path_redacted_config,reproducibility_or_small_evidence,project_authored,false,false,false,true,explicitly selected after manifest/import/safety review
configs/core_a/batch48/standard_dynamic.yaml,2136,0a8727de2982581d8c060686a6a597928c143b54fbc15f5e4087112ec9a4e317,yaml,repo/ee6008-humanoid-vjepa/reports/benchmarks/CORE_A_BATCH48_ABLATION_MATRIX_V3_20260830/configs/standard_dynamic.yaml,e60ac789add8e7f529aef5c677760d8d61f6ee54305e8dcf601a8d9c4e2f2d93,,path_redacted_config,reproducibility_or_small_evidence,project_authored,false,false,false,true,explicitly selected after manifest/import/safety review
configs/core_a/batch48/standard_static.yaml,2200,842390e59203a80de9af1e4e6d9b19948afe06d8455d5436b22ae9c2c0f87fc3,yaml,repo/ee6008-humanoid-vjepa/reports/benchmarks/CORE_A_BATCH48_ABLATION_MATRIX_V3_20260830/configs/standard_static.yaml,4573463708eb4d2f0ab92124a7412bb9971a826f53b0c8be7e9d5c231da7db53,,path_redacted_config,reproducibility_or_small_evidence,project_authored,false,false,false,true,explicitly selected after manifest/import/safety review
configs/core_a/core_a_benchmark_v3.yaml,883,4eaba4eb00139e6dd97888ff886eb7dd8b9e87087afc34c21a8ff034c66f2de7,yaml,repo/ee6008-humanoid-vjepa/configs/core_a_benchmark_v3_20260826.yaml,fe6ccde9acbc2aa9630ee986103c4cc1c4125a6aaaa8b1f4edd311cbf4237f3b,,path_redacted_config,reproducibility_or_small_evidence,project_authored,false,false,false,true,explicitly selected after manifest/import/safety review
configs/core_a/core_a_top2_lora_exploratory.yaml,2585,6d34f7ef2929f38a365ce0be030a89e56cba00ea243b488a5a17706c4705c5bc,yaml,repo/ee6008-humanoid-vjepa/configs/core_a_top2_lora_exploratory_v1_20260827.yaml,4df1cf10042c3dc34fc61d30416cf6c54ab3bf7a67d1d9544aa57a3f42ca6ae1,,path_redacted_config,reproducibility_or_small_evidence,project_authored,false,false,false,true,explicitly selected after manifest/import/safety review
configs/core_a/frozen/core_a_full_attentive_dynamic_v3_20260828.yaml,1403,c51f40b0e6f01ca51a82153d315e0744eb063a7a43393f26530c45e90b251651,yaml,repo/ee6008-humanoid-vjepa/configs/frozen/core_a_full_attentive_dynamic_v3_20260828.yaml,177627f523cd44630aa05681c7654e45e8076416b5b3758752276161d8789592,,path_redacted_config,reproducibility_or_small_evidence,project_authored,false,false,false,true,explicitly selected after manifest/import/safety review
configs/core_a/frozen/core_a_full_attentive_dynamic_v3_batch32_20260829.yaml,1946,5c1475e97f3ee646ab2d2014dfd77d77fbbb9e84cda79be115f9f6c642e1cb93,yaml,repo/ee6008-humanoid-vjepa/configs/frozen/core_a_full_attentive_dynamic_v3_batch32_20260829.yaml,6eb8d3d6332ac0c5a445761bc060bd5a660b45cf782d05e544b66a5a51bdc5eb,,path_redacted_config,reproducibility_or_small_evidence,project_authored,false,false,false,true,explicitly selected after manifest/import/safety review
configs/core_a/frozen/core_a_full_attentive_static_v3_20260828.yaml,1468,54e578cb0c1d3b1ce969cc2133110ed11852ed8d4425c4f78000efd5f236c55c,yaml,repo/ee6008-humanoid-vjepa/configs/frozen/core_a_full_attentive_static_v3_20260828.yaml,44ec498145a0b425487782c1d09f14ef9bc04afd5305042d3c4b674cfc32f88c,,path_redacted_config,reproducibility_or_small_evidence,project_authored,false,false,false,true,explicitly selected after manifest/import/safety review
configs/core_a/frozen/core_a_full_attentive_static_v3_batch32_20260829.yaml,2011,1b79d0043c368f5892333c6125c64fad78797a8568aeeda7faab66667ba8e21d,yaml,repo/ee6008-humanoid-vjepa/configs/frozen/core_a_full_attentive_static_v3_batch32_20260829.yaml,d435857449a745eb19f9035553113eb8fcec666702431cc9e2a8fd8ed91293a7,,path_redacted_config,reproducibility_or_small_evidence,project_authored,false,false,false,true,explicitly selected after manifest/import/safety review
configs/core_a/full120_lora_protocol_locked.json,1482,965a8444d8c1e43ad72d72a17b7dc511ff6ef8ad39bf386a1ef589563b23c45b,json,repo/ee6008-humanoid-vjepa/reports/benchmarks/CORE_A_FULL120_LORA_FACTORIAL_V1_20260902T061327Z/CORE_A_FULL120_LORA_PROTOCOL_LOCKED.json,965a8444d8c1e43ad72d72a17b7dc511ff6ef8ad39bf386a1ef589563b23c45b,,protocol_copy,reproducibility_or_small_evidence,project_authored,false,false,false,true,explicitly selected after manifest/import/safety review
configs/core_a/full120_lora_stage1_matrix.csv,728,0b6dfef039acd1433a942081448113ca2d4958b767b04419602eef5245001e53,csv,repo/ee6008-humanoid-vjepa/reports/benchmarks/CORE_A_FULL120_LORA_FACTORIAL_V1_20260902T061327Z/CORE_A_FULL120_LORA_STAGE1_MATRIX.csv,0b6dfef039acd1433a942081448113ca2d4958b767b04419602eef5245001e53,,protocol_copy,reproducibility_or_small_evidence,project_authored,false,false,false,true,explicitly selected after manifest/import/safety review
configs/dataset_g1.yaml,340,782b855a9b009f82a67cb499aca1e505c36b35ddf96f4ae7bec370ec80380aeb,yaml,generated_or_existing_public_scaffold,,source path is a redacted logical ID or generated artifact,scaffold_or_generated,reproducibility_or_small_evidence,project_authored,false,false,false,true,explicitly selected after manifest/import/safety review
configs/dataset_h1.yaml,340,131bc334c226664a2fd882999dce4ae6fca018ef0e7512865f4fa93dc37f679a,yaml,generated_or_existing_public_scaffold,,source path is a redacted logical ID or generated artifact,scaffold_or_generated,reproducibility_or_small_evidence,project_authored,false,false,false,true,explicitly selected after manifest/import/safety review
configs/evaluate.yaml,245,21f22264113007b339632fdc8a9a338df25d029cf633ecacfe61b3c9823a69db,yaml,generated_or_existing_public_scaffold,,source path is a redacted logical ID or generated artifact,scaffold_or_generated,reproducibility_or_small_evidence,project_authored,false,false,false,true,explicitly selected after manifest/import/safety review
configs/extract_features.yaml,265,1190b2e018a50c7f36cddb7ad397921dce8f84934cabb0885627b69f45b5aa45,yaml,generated_or_existing_public_scaffold,,source path is a redacted logical ID or generated artifact,scaffold_or_generated,reproducibility_or_small_evidence,project_authored,false,false,false,true,explicitly selected after manifest/import/safety review
configs/train_current_recognition.yaml,262,7fd4a481b0bfbc11c601681bb17ff6d4f5db976b5b52b3e854411d35da5ab6e6,yaml,generated_or_existing_public_scaffold,,source path is a redacted logical ID or generated artifact,scaffold_or_generated,reproducibility_or_small_evidence,project_authored,false,false,false,true,explicitly selected after manifest/import/safety review
configs/vjepa2_profile.yaml,384,3bf2d9a5e0097e334d0c65c4126d977d9a5853b2b95f5d52f204cc98b18b7c6f,yaml,generated_or_existing_public_scaffold,,source path is a redacted logical ID or generated artifact,scaffold_or_generated,reproducibility_or_small_evidence,project_authored,false,false,false,true,explicitly selected after manifest/import/safety review
data_metadata/README.md,178,7d3c300ffbda06c3affe230522518e67c5c0e981de8a8066d3c4926f430c66e5,md,generated_or_existing_public_scaffold,,source path is a redacted logical ID or generated artifact,scaffold_or_generated,reproducibility_or_small_evidence,project_authored,false,false,false,true,explicitly selected after manifest/import/safety review
data_metadata/core_a/README.md,483,f25062ce07e6220ad3dd5bdaba7115984535eeab89cd01b209a00fcb10b3b000,md,generated_public_protocol_summary,,source path is a redacted logical ID or generated artifact,path_redacted_metadata,reproducibility_or_small_evidence,project_authored,false,false,false,true,explicitly selected after manifest/import/safety review
data_metadata/core_a/class_balanced_weights_train_only_v3.json,7268,90b712430ab5efca8a083bd5db674112219044a927d020c6c93f4418035e08e0,json,repo/ee6008-humanoid-vjepa/reports/benchmarks/CORE_A_BATCH48_ABLATION_MATRIX_V3_20260830/protocol/class_balanced_weights_train_only_v3.json,90b712430ab5efca8a083bd5db674112219044a927d020c6c93f4418035e08e0,,metadata_copy,reproducibility_or_small_evidence,project_authored,false,false,false,true,explicitly selected after manifest/import/safety review
data_metadata/core_a/full120_lora_protocol_public_summary.json,212,e10aecb4312a43c25e710de95facdbee8487e4607b97b40af1a824289d6362a5,json,generated_public_protocol_summary,,source path is a redacted logical ID or generated artifact,path_redacted_metadata,reproducibility_or_small_evidence,project_authored,false,false,false,true,explicitly selected after manifest/import/safety review
data_metadata/core_a/label_map.json,85468,057a66c50e4fd85198e4a59359e4fc31c79565f0a379f0be368a389bb4811c22,json,repo/ee6008-humanoid-vjepa/manifests/g1_<dataset_revision>/splits/core_a_protocol_v3_duplicate_safe/label_map.json,,source path is a redacted logical ID or generated artifact,metadata_copy,reproducibility_or_small_evidence,dataset_metadata_license_to_verify,false,false,false,true,explicitly selected after manifest/import/safety review
data_metadata/core_a/task_selection_v3.json,4613,19f919d638377c67b776a979d4341cadfe2780f02932f11bf36c5062b08722c7,json,repo/ee6008-humanoid-vjepa/reports/pipeline/CORE_A_TASK_SELECTION_V3_DUPLICATE_SAFE_20260826.json,19f919d638377c67b776a979d4341cadfe2780f02932f11bf36c5062b08722c7,,metadata_copy,reproducibility_or_small_evidence,project_authored,false,false,false,true,explicitly selected after manifest/import/safety review
data_metadata/core_a/tasks.csv,30425,eee7102bffd8883b02ddd11d7dac707bd96827ae29b99f6064f208ecfac879cf,csv,repo/ee6008-humanoid-vjepa/manifests/g1_<dataset_revision>/splits/core_a_protocol_v3_duplicate_safe/tasks.csv,,source path is a redacted logical ID or generated artifact,metadata_copy,reproducibility_or_small_evidence,dataset_metadata_license_to_verify,false,false,false,true,explicitly selected after manifest/import/safety review
data_metadata/core_a/v3_split_summary.json,495,948dcaa1963982080a67e713408aa00d9ac678a1ab258e08047f8ac1755afaa9,json,generated_public_protocol_summary,,source path is a redacted logical ID or generated artifact,path_redacted_metadata,reproducibility_or_small_evidence,project_authored,false,false,false,true,explicitly selected after manifest/import/safety review
data_metadata/manifests/README.md,198,7c863618eee6c39b670e59a2fb3a52c584fce4d977b164bf0acb82fab5db9c37,md,generated_or_existing_public_scaffold,,source path is a redacted logical ID or generated artifact,scaffold_or_generated,reproducibility_or_small_evidence,project_authored,false,false,false,true,explicitly selected after manifest/import/safety review
data_metadata/splits/README.md,169,76404f2a3ef66615fe933d0d846711513594d2a5e2c6246e50614aa05e00f17b,md,generated_or_existing_public_scaffold,,source path is a redacted logical ID or generated artifact,scaffold_or_generated,reproducibility_or_small_evidence,project_authored,false,false,false,true,explicitly selected after manifest/import/safety review
docs/core_a/CURRENT_CONCLUSIONS.md,3931,758aa7982816a0c5b8648259c4eb730f2f82932736e935ad80348f1e946b0668,md,generated_public_core_a_documentation,,source path is a redacted logical ID or generated artifact,derived_public_documentation,reproducibility_or_small_evidence,project_authored,false,false,false,true,explicitly selected after manifest/import/safety review
docs/core_a/CURRENT_CONCLUSIONS.zh-CN.md,3754,6b2393b0ef48b6833dff7176f9d451411f9971d7cdd2c3c97d1ebf6d6607a9ad,md,generated_public_core_a_documentation,,source path is a redacted logical ID or generated artifact,derived_public_documentation,reproducibility_or_small_evidence,project_authored,false,false,false,true,explicitly selected after manifest/import/safety review
docs/core_a/DATA_AND_EVALUATION_PROTOCOL.md,2605,319cde2b3ba8d3ae18d1491364f9f535e65827b2a5d9f3e2b32c54579ea10850,md,generated_public_core_a_documentation,,source path is a redacted logical ID or generated artifact,derived_public_documentation,reproducibility_or_small_evidence,project_authored,false,false,false,true,explicitly selected after manifest/import/safety review
docs/core_a/ENGINEERING_VALIDATION.md,2947,884b1a9c93748ed3e589a4fe6bb08b91043c7512a9fa7a8fe5f37a7755a3f8c6,md,generated_public_core_a_documentation,,source path is a redacted logical ID or generated artifact,derived_public_documentation,reproducibility_or_small_evidence,project_authored,false,false,false,true,explicitly selected after manifest/import/safety review
docs/core_a/ENGINEERING_VALIDATION.zh-CN.md,2592,6f9c8e584eeaacd18604fcfe870f6fed67d506f9a1f62af5ea30e5d9547afc48,md,generated_public_core_a_documentation,,source path is a redacted logical ID or generated artifact,derived_public_documentation,reproducibility_or_small_evidence,project_authored,false,false,false,true,explicitly selected after manifest/import/safety review
docs/core_a/EXPERIMENTS_AND_RATIONALE.md,4429,1d9865b0554dc33d5027fb3dbfb3777c68eccfac0441ad30fa0a16f38c683e3c,md,generated_public_core_a_documentation,,source path is a redacted logical ID or generated artifact,derived_public_documentation,reproducibility_or_small_evidence,project_authored,false,false,false,true,explicitly selected after manifest/import/safety review
docs/core_a/EXPERIMENTS_AND_RATIONALE.zh-CN.md,4078,950fd3ccb5da2226844b00c034f83d805bf28dcb294734050724f9b902b278e8,md,generated_public_core_a_documentation,,source path is a redacted logical ID or generated artifact,derived_public_documentation,reproducibility_or_small_evidence,project_authored,false,false,false,true,explicitly selected after manifest/import/safety review
docs/core_a/LIMITATIONS.md,1877,41af0ec8dfcddf807e7ebe0b1c52c5bc4030bf3192bad2fc52c5651fa6685b5f,md,generated_public_core_a_documentation,,source path is a redacted logical ID or generated artifact,derived_public_documentation,reproducibility_or_small_evidence,project_authored,false,false,false,true,explicitly selected after manifest/import/safety review
docs/core_a/LIMITATIONS.zh-CN.md,1682,5ef1d4db44fba8bdb0651a1efc7b3ef02266c5399c9279277e255519b91c7f40,md,generated_public_core_a_documentation,,source path is a redacted logical ID or generated artifact,derived_public_documentation,reproducibility_or_small_evidence,project_authored,false,false,false,true,explicitly selected after manifest/import/safety review
docs/core_a/README.md,1229,10a0a58f165ea528e9cf25aa3a40a6ceb8801b3354ab5a4eaa5c30d331cbc3dc,md,generated_public_core_a_documentation,,source path is a redacted logical ID or generated artifact,derived_public_documentation,reproducibility_or_small_evidence,project_authored,false,false,false,true,explicitly selected after manifest/import/safety review
docs/core_a/README.zh-CN.md,1107,d3f54b611f1a6428a61b7ec9a64919b51c991216b475519875365ead33aacca7,md,generated_public_core_a_documentation,,source path is a redacted logical ID or generated artifact,derived_public_documentation,reproducibility_or_small_evidence,project_authored,false,false,false,true,explicitly selected after manifest/import/safety review
docs/core_a/REPRODUCTION_GUIDE.md,2055,039465491a87fb6789adfa2020078d3bf66eca3d30251b7d4d228bebea792ba2,md,generated_public_core_a_documentation,,source path is a redacted logical ID or generated artifact,derived_public_documentation,reproducibility_or_small_evidence,project_authored,false,false,false,true,explicitly selected after manifest/import/safety review
docs/core_a/publication/EXCLUDED_ARTIFACTS.md,1605,850ea350546dac36c1082cf8d939db6a7b2ed49e6faec6d0dc36a7843f48b2f4,md,generated_public_core_a_documentation,,source path is a redacted logical ID or generated artifact,derived_public_documentation,reproducibility_or_small_evidence,project_authored,false,false,false,true,explicitly selected after manifest/import/safety review
docs/core_a/publication/IMPORT_DEPENDENCY_MAP.md,1584,fcff334b65291e5235ba37cb721a9ef822266130e3aff04f69e5cde634e0db88,md,generated_public_core_a_documentation,,source path is a redacted logical ID or generated artifact,derived_public_documentation,reproducibility_or_small_evidence,project_authored,false,false,false,true,explicitly selected after manifest/import/safety review
docs/core_a/publication/PROVENANCE_AND_CHECKSUMS.md,2173,279855a5c06bee60efcc8f6f8153da61d228fdcdcfc483174b6a9426824ad412,md,generated_public_core_a_documentation,,source path is a redacted logical ID or generated artifact,derived_public_documentation,reproducibility_or_small_evidence,project_authored,false,false,false,true,explicitly selected after manifest/import/safety review
docs/core_a/publication/PUBLICATION_MANIFEST.md,2427,2625d6b0b2e9d74527f6cc56ce5ebfc2decbed62a9603e2835fc6c0e28e9373c,md,generated_public_core_a_documentation,,source path is a redacted logical ID or generated artifact,derived_public_documentation,reproducibility_or_small_evidence,project_authored,false,false,false,true,explicitly selected after manifest/import/safety review
docs/core_a/publication/QA_REPORT.json,368,1d2fdedfb335f5eba0a0ea3823ec68e215ee09695c48f356f8344d848b22e6d1,json,generated_public_core_a_documentation,,source path is a redacted logical ID or generated artifact,derived_public_documentation,reproducibility_or_small_evidence,project_authored,false,false,false,true,explicitly selected after manifest/import/safety review
docs/core_a/publication/QA_REPORT.md,342,17f4edbc1116ddea6844837a53b377b50db263e8b3c1522f5897ee3a98e86f2e,md,generated_public_core_a_documentation,,source path is a redacted logical ID or generated artifact,derived_public_documentation,reproducibility_or_small_evidence,project_authored,false,false,false,true,explicitly selected after manifest/import/safety review
docs/gpu_usage_rules.md,1327,46539dada89b980de97b913bb0b36c4130fa6523d6f0fc2f0e1190b0cce50695,md,generated_or_existing_public_scaffold,,source path is a redacted logical ID or generated artifact,scaffold_or_generated,reproducibility_or_small_evidence,project_authored,false,false,false,true,explicitly selected after manifest/import/safety review
docs/meeting_notes/README.md,221,96fc8fff9655a14475fa039efb097bd7ab48172bea0da3dc19ee5848f0a87525,md,generated_or_existing_public_scaffold,,source path is a redacted logical ID or generated artifact,scaffold_or_generated,reproducibility_or_small_evidence,project_authored,false,false,false,true,explicitly selected after manifest/import/safety review
docs/project_materials/learning_process/README.md,577,adadcb0e4f8ff445902818894a7f6842530bfa444e26eac786f81c4fd7eab280,md,generated_or_existing_public_scaffold,,source path is a redacted logical ID or generated artifact,scaffold_or_generated,reproducibility_or_small_evidence,project_authored,false,false,false,true,explicitly selected after manifest/import/safety review
docs/project_materials/learning_process/paper_cards/01_LeCun_2022_AMI.md,1567,65b38e6a28beee48db2c4f39a3c9d47cf20761ad0dde6c2734e5d27d95ae12d9,md,generated_or_existing_public_scaffold,,source path is a redacted logical ID or generated artifact,scaffold_or_generated,reproducibility_or_small_evidence,project_authored,false,false,false,true,explicitly selected after manifest/import/safety review
docs/project_materials/learning_process/paper_cards/02_I_JEPA.md,1554,3ebd2d97644926f4e9388a7fd1781c4cc1db6a14d80a032c6c82bfe0bbbb47c0,md,generated_or_existing_public_scaffold,,source path is a redacted logical ID or generated artifact,scaffold_or_generated,reproducibility_or_small_evidence,project_authored,false,false,false,true,explicitly selected after manifest/import/safety review
docs/project_materials/learning_process/paper_cards/03_V_JEPA.md,1442,e2465e4d6ae2aa3974e771ec3ac5050a44f16f08c8b9139cbeb8323019aacd24,md,generated_or_existing_public_scaffold,,source path is a redacted logical ID or generated artifact,scaffold_or_generated,reproducibility_or_small_evidence,project_authored,false,false,false,true,explicitly selected after manifest/import/safety review
docs/project_materials/learning_process/paper_cards/04_V_JEPA_2.md,1760,44484c9300345fd094cf1c7fba8bf699eda369552907c705af7830cead91c5c3,md,generated_or_existing_public_scaffold,,source path is a redacted logical ID or generated artifact,scaffold_or_generated,reproducibility_or_small_evidence,project_authored,false,false,false,true,explicitly selected after manifest/import/safety review
docs/project_materials/learning_process/paper_cards/05_V_JEPA_2_1.md,1324,e258fcc0dd51658fad08ef653b2625665cb6bd304c6f656b729552e9e3f512dd,md,generated_or_existing_public_scaffold,,source path is a redacted logical ID or generated artifact,scaffold_or_generated,reproducibility_or_small_evidence,project_authored,false,false,false,true,explicitly selected after manifest/import/safety review
docs/project_materials/learning_process/paper_cards/06_JFAA.md,1626,3f4a8b8f7737e6bd112e596f1b4b8097da6ac6ef12d4b9078633a9925c927811,md,generated_or_existing_public_scaffold,,source path is a redacted logical ID or generated artifact,scaffold_or_generated,reproducibility_or_small_evidence,project_authored,false,false,false,true,explicitly selected after manifest/import/safety review
docs/project_materials/learning_process/paper_cards/07_JEPA_WMs.md,1349,1ffbdeae40e603699cf15e0fe7ec28870dc1de833a6a94d25e116066cfce963c,md,generated_or_existing_public_scaffold,,source path is a redacted logical ID or generated artifact,scaffold_or_generated,reproducibility_or_small_evidence,project_authored,false,false,false,true,explicitly selected after manifest/import/safety review
docs/project_materials/learning_process/paper_cards/README.md,173,48095de49ee597e27cca026260c902c9487ce86136ad89671a966685a4eef39b,md,generated_or_existing_public_scaffold,,source path is a redacted logical ID or generated artifact,scaffold_or_generated,reproducibility_or_small_evidence,project_authored,false,false,false,true,explicitly selected after manifest/import/safety review
docs/project_materials/project_kickoff/README.md,858,0fdc59a2711be471d070175b449b9de6b20bb9de3771f48071ce7af3114a3602,md,generated_or_existing_public_scaffold,,source path is a redacted logical ID or generated artifact,scaffold_or_generated,reproducibility_or_small_evidence,project_authored,false,false,false,true,explicitly selected after manifest/import/safety review
docs/project_materials/references/README.md,1737,cce0298d156be7523587bb2a3c0cb4d0b3cdcc4fb0b6ef578a041bd6ee563d32,md,generated_or_existing_public_scaffold,,source path is a redacted logical ID or generated artifact,scaffold_or_generated,reproducibility_or_small_evidence,project_authored,false,false,false,true,explicitly selected after manifest/import/safety review
docs/scope_v0.3.md,2275,ef0a89140aea42f8948fb61c81c9a94135a7c7cb14eb77611411df78d653178b,md,generated_or_existing_public_scaffold,,source path is a redacted logical ID or generated artifact,scaffold_or_generated,reproducibility_or_small_evidence,project_authored,false,false,false,true,explicitly selected after manifest/import/safety review
docs/server_layout.md,1160,c4ad0a164b2388045a5a9db02a6cefcf4341ecb39ba2288c52fac76057fca5dc,md,generated_or_existing_public_scaffold,,source path is a redacted logical ID or generated artifact,scaffold_or_generated,reproducibility_or_small_evidence,project_authored,false,false,false,true,explicitly selected after manifest/import/safety review
docs/weekly_updates/README.md,132,d563832a02436c8d4c85e0390a9e535a230055af3258a6bc7930a82d883a33d3,md,generated_or_existing_public_scaffold,,source path is a redacted logical ID or generated artifact,scaffold_or_generated,reproducibility_or_small_evidence,project_authored,false,false,false,true,explicitly selected after manifest/import/safety review
environment.yml,437,a529b3fb029ba2c969f833e0827f34ac1cf0048c171fcfe74fcad5814ad43acf,yml,target_repository_scaffold_updated_for_core_a,,source path is a redacted logical ID or generated artifact,target_scaffold_update,reproducibility_or_small_evidence,project_authored,false,false,false,true,explicitly selected after manifest/import/safety review
experiments/README.md,415,f26fcb84467b7996b2fa7fc5532881c91dfd9b4c4b1954aeb761b66dd021e538,md,generated_or_existing_public_scaffold,,source path is a redacted logical ID or generated artifact,scaffold_or_generated,reproducibility_or_small_evidence,project_authored,false,false,false,true,explicitly selected after manifest/import/safety review
experiments/core_a/ACCEPTANCE_SUMMARY.csv,3011,ed6eccfa82790ce33b9039ddedc0d5686ec3b38b6695a89f77d08c487e89b971,csv,generated_from_sealed_core_a_aggregate_tables,,source path is a redacted logical ID or generated artifact,derived_public_registry,reproducibility_or_small_evidence,project_authored,false,false,false,true,explicitly selected after manifest/import/safety review
experiments/core_a/ACCEPTANCE_SUMMARY.json,6406,4c46a5ae098ee7e678fd44ca6b8402b0ca1f569f7f045ab4c8dcdc13ad0184a6,json,generated_from_sealed_core_a_aggregate_tables,,source path is a redacted logical ID or generated artifact,derived_public_registry,reproducibility_or_small_evidence,project_authored,false,false,false,true,explicitly selected after manifest/import/safety review
experiments/core_a/COMPARISON_EFFECTS.csv,9939,51b0d1fcf93324bd9acbb9003ebe6d76915dd54a9049cc31649f1a3ed002ec3b,csv,generated_from_sealed_core_a_aggregate_tables,,source path is a redacted logical ID or generated artifact,derived_public_registry,reproducibility_or_small_evidence,project_authored,false,false,false,true,explicitly selected after manifest/import/safety review
experiments/core_a/COMPARISON_EFFECTS.json,20721,bddb1b742c9eff3eee1cc7a1b92b33278145ea15d4e7491ef056454f38262988,json,generated_from_sealed_core_a_aggregate_tables,,source path is a redacted logical ID or generated artifact,derived_public_registry,reproducibility_or_small_evidence,project_authored,false,false,false,true,explicitly selected after manifest/import/safety review
experiments/core_a/EXPERIMENT_CATALOG.csv,6111,b59ce30466eca971e62ddce4106fb9cc13698445d1a95516513c07799616f1c2,csv,generated_from_sealed_core_a_aggregate_tables,,source path is a redacted logical ID or generated artifact,derived_public_registry,reproducibility_or_small_evidence,project_authored,false,false,false,true,explicitly selected after manifest/import/safety review
experiments/core_a/EXPERIMENT_CATALOG.json,9241,18c116359b7079116d63dfcee1a3438963673a6a4b05c058e2470a3a16c0b5e9,json,generated_from_sealed_core_a_aggregate_tables,,source path is a redacted logical ID or generated artifact,derived_public_registry,reproducibility_or_small_evidence,project_authored,false,false,false,true,explicitly selected after manifest/import/safety review
experiments/core_a/README.md,599,c522b7eebd88a3723b81943dd8e95c0c7666633475f09b93b62399f0476037fb,md,generated_from_sealed_core_a_aggregate_tables,,source path is a redacted logical ID or generated artifact,derived_public_registry,reproducibility_or_small_evidence,project_authored,false,false,false,true,explicitly selected after manifest/import/safety review
experiments/core_a/RUN_LEVEL_RESULTS.csv,4571,613912f5620199b44321af31bd3d8b0cc3c6be9746f22b34bd923c583bcec82f,csv,generated_from_sealed_core_a_aggregate_tables,,source path is a redacted logical ID or generated artifact,derived_public_registry,reproducibility_or_small_evidence,project_authored,false,false,false,true,explicitly selected after manifest/import/safety review
experiments/core_a/RUN_LEVEL_RESULTS.json,10766,c93577bcafcccb8d7fd466563cc3056e9ac03e45205af6fe1ed679ab26ba4230,json,generated_from_sealed_core_a_aggregate_tables,,source path is a redacted logical ID or generated artifact,derived_public_registry,reproducibility_or_small_evidence,project_authored,false,false,false,true,explicitly selected after manifest/import/safety review
experiments/runs.csv,6213,24151bae589de4ec0cdd1e703b75e72b5ee26e2b66a6c6d076d146b39990f63c,csv,generated_from_sealed_core_a_stage1_acceptance,,source path is a redacted logical ID or generated artifact,derived_public_registry,reproducibility_or_small_evidence,project_authored,false,false,false,true,explicitly selected after manifest/import/safety review
requirements.txt,369,1411e4ee36e29ac898973ff7d4e4246be79039c7ba822a346054d43c76962b3e,txt,target_repository_scaffold_updated_for_core_a,,source path is a redacted logical ID or generated artifact,target_scaffold_update,reproducibility_or_small_evidence,project_authored,false,false,false,true,explicitly selected after manifest/import/safety review
results/README.md,206,949b10f2059e1972040dfc94bbc2de2d70509af035ffe52fd0a0e09683ec4b46,md,generated_or_existing_public_scaffold,,source path is a redacted logical ID or generated artifact,scaffold_or_generated,reproducibility_or_small_evidence,project_authored,false,false,false,true,explicitly selected after manifest/import/safety review
results/core_a/BASELINE_PANORAMA.csv,7647,2ced5293047d4400c66bc491f49443fa660aaaadc6eb018d3f1bc326eba1036b,csv,research_archive/.../core_a/analysis/.../BASELINE_PANORAMA.csv,,source path is a redacted logical ID or generated artifact,path_redacted_aggregate,reproducibility_or_small_evidence,project_authored,false,false,false,true,explicitly selected after manifest/import/safety review
results/core_a/BATCH_SIZE_EFFECTS.csv,1283,215df93d259358849db3726c77a3428683edec22c5fa022efabca49a1bc19e71,csv,research_archive/.../core_a/analysis/.../BATCH_SIZE_EFFECTS.csv,,source path is a redacted logical ID or generated artifact,path_redacted_aggregate,reproducibility_or_small_evidence,project_authored,false,false,false,true,explicitly selected after manifest/import/safety review
results/core_a/CALIBRATION_DATA.csv,16514,d994a472c2656d55a634e5548f9b13fd433d3683c6814e8aae64b86ef38f516f,csv,research_archive/.../core_a/analysis/.../CALIBRATION_DATA.csv,,source path is a redacted logical ID or generated artifact,path_redacted_aggregate,reproducibility_or_small_evidence,project_authored,false,false,false,true,explicitly selected after manifest/import/safety review
results/core_a/CORE_A_12_TASK_PILOT_SUMMARY.json,608,dd908a9d62a6cd5b97ec9f2c8c853ee849bb155c90109081865ae23a88ab5f06,json,research_archive/.../core_a/analysis/.../CORE_A_12_TASK_PILOT_SUMMARY.json,,source path is a redacted logical ID or generated artifact,path_redacted_aggregate,reproducibility_or_small_evidence,project_authored,false,false,false,true,explicitly selected after manifest/import/safety review
results/core_a/CORE_A_FACTORIAL_EFFECTS.csv,3151,2c1d1a200073fe41c6d711256b5994d32e736541b577e642e8899652249d4429,csv,research_archive/.../core_a/analysis/.../CORE_A_FACTORIAL_EFFECTS.csv,,source path is a redacted logical ID or generated artifact,path_redacted_aggregate,reproducibility_or_small_evidence,project_authored,false,false,false,true,explicitly selected after manifest/import/safety review
results/core_a/CORE_A_FACTORIAL_EFFECTS.json,5549,a221be87f6efc27a35bb98a0425385b1921fe20d4fd0dae0cf1a6021aa5af9d7,json,research_archive/.../core_a/analysis/.../CORE_A_FACTORIAL_EFFECTS.json,,source path is a redacted logical ID or generated artifact,path_redacted_aggregate,reproducibility_or_small_evidence,project_authored,false,false,false,true,explicitly selected after manifest/import/safety review
results/core_a/CORE_A_METRIC_RECONCILIATION.csv,8698,df1afbca11ab6d3ee9752711b1f1e97cd52bc3a1447443ecb0b05c82fe2a33e2,csv,research_archive/.../core_a/analysis/.../CORE_A_METRIC_RECONCILIATION.csv,,source path is a redacted logical ID or generated artifact,path_redacted_aggregate,reproducibility_or_small_evidence,project_authored,false,false,false,true,explicitly selected after manifest/import/safety review
results/core_a/CORE_A_PAIRWISE_COMPARISONS.csv,6237,8f77b4a0ebb3cf8950995ec53a163249294553cb158fd36d7129c643865e20d5,csv,research_archive/.../core_a/analysis/.../CORE_A_PAIRWISE_COMPARISONS.csv,,source path is a redacted logical ID or generated artifact,path_redacted_aggregate,reproducibility_or_small_evidence,project_authored,false,false,false,true,explicitly selected after manifest/import/safety review
results/core_a/CORE_A_PAIRWISE_COMPARISONS.json,14813,e1cd1f2a6304636ba6ea1d57ed3d4586f370e4f79e4a2949b0b645bca63b84b6,json,research_archive/.../core_a/analysis/.../CORE_A_PAIRWISE_COMPARISONS.json,,source path is a redacted logical ID or generated artifact,path_redacted_aggregate,reproducibility_or_small_evidence,project_authored,false,false,false,true,explicitly selected after manifest/import/safety review
results/core_a/CORE_A_RARE_CLASS_SUMMARY.csv,2286,7ee34beaedb9caf7c86f3cfe923e169b6df20d63366bedab589bdb0d04d45317,csv,research_archive/.../core_a/analysis/.../CORE_A_RARE_CLASS_SUMMARY.csv,,source path is a redacted logical ID or generated artifact,path_redacted_aggregate,reproducibility_or_small_evidence,project_authored,false,false,false,true,explicitly selected after manifest/import/safety review
results/core_a/CORE_A_SHORTCUT_DIAGNOSTICS.csv,222003,8e99ee9568941182df3e792cb0b46796127c5bcd92b4e3dd7136095a711327fe,csv,research_archive/.../core_a/analysis/.../CORE_A_SHORTCUT_DIAGNOSTICS.csv,,source path is a redacted logical ID or generated artifact,path_redacted_aggregate,reproducibility_or_small_evidence,project_authored,false,false,false,true,explicitly selected after manifest/import/safety review
results/core_a/CORE_A_UNIFIED_RESULTS.csv,4571,613912f5620199b44321af31bd3d8b0cc3c6be9746f22b34bd923c583bcec82f,csv,research_archive/.../core_a/analysis/.../CORE_A_UNIFIED_RESULTS.csv,,source path is a redacted logical ID or generated artifact,path_redacted_aggregate,reproducibility_or_small_evidence,project_authored,false,false,false,true,explicitly selected after manifest/import/safety review
results/core_a/CORE_A_UNIFIED_RESULTS.json,10766,c93577bcafcccb8d7fd466563cc3056e9ac03e45205af6fe1ed679ab26ba4230,json,research_archive/.../core_a/analysis/.../CORE_A_UNIFIED_RESULTS.json,,source path is a redacted logical ID or generated artifact,path_redacted_aggregate,reproducibility_or_small_evidence,project_authored,false,false,false,true,explicitly selected after manifest/import/safety review
results/core_a/README.md,869,8766caecad8581dede82705c9fb50bd4e94b126b92de2e0716ab6752373968af,md,research_archive/.../core_a/analysis/.../README.md,,source path is a redacted logical ID or generated artifact,path_redacted_aggregate,reproducibility_or_small_evidence,project_authored,false,false,false,true,explicitly selected after manifest/import/safety review
results/core_a/SUMMARY.md,866,da2743ff04bf7c5258d77645b23ba41dc0f74d4f4c5bad0ed5996d27450ed537,md,research_archive/.../core_a/analysis/.../SUMMARY.md,,source path is a redacted logical ID or generated artifact,path_redacted_aggregate,reproducibility_or_small_evidence,project_authored,false,false,false,true,explicitly selected after manifest/import/safety review
results/core_a/SUMMARY.zh-CN.md,828,08a702069d19ddc1e990a254b7ff196caf0a08c95e1a2b241334e2b5cf8bacc0,md,research_archive/.../core_a/analysis/.../SUMMARY.zh-CN.md,,source path is a redacted logical ID or generated artifact,path_redacted_aggregate,reproducibility_or_small_evidence,project_authored,false,false,false,true,explicitly selected after manifest/import/safety review
results/core_a/figure_manifest.csv,4186,8a3e4f45f78afc4e87a231b9706a2af4f724deca5b0749beed09d39efd458b0b,csv,research_archive/.../core_a/analysis/.../figure_manifest.csv,,source path is a redacted logical ID or generated artifact,path_redacted_aggregate,reproducibility_or_small_evidence,project_authored,false,false,false,true,explicitly selected after manifest/import/safety review
results/core_a/figure_manifest.json,5563,bc48662886e723b1c26b55684c187f8bf6108f8ec751b7c3faa4f0981e1315ce,json,research_archive/.../core_a/analysis/.../figure_manifest.json,,source path is a redacted logical ID or generated artifact,path_redacted_aggregate,reproducibility_or_small_evidence,project_authored,false,false,false,true,explicitly selected after manifest/import/safety review
results/core_a/figure_visual_qa.json,2140,7cfa609eb989f4560fc3efef5e3bc3a88b48d96f2dfff6b76d1cb46bdbac1c90,json,research_archive/.../core_a/analysis/.../figure_visual_qa.json,,source path is a redacted logical ID or generated artifact,path_redacted_aggregate,reproducibility_or_small_evidence,project_authored,false,false,false,true,explicitly selected after manifest/import/safety review
results/core_a/figure_visual_qa.md,329,d7ac3f6848c0c30aee373e50816108485d19cfa1def3a0372a052a69d10f345a,md,research_archive/.../core_a/analysis/.../figure_visual_qa.md,,source path is a redacted logical ID or generated artifact,path_redacted_aggregate,reproducibility_or_small_evidence,project_authored,false,false,false,true,explicitly selected after manifest/import/safety review
results/core_a/figures/fig01_baseline_panorama.caption.md,457,454d9ba8c143b8b2f9a5cc1f1aa44c28ebc6807b1a083f7153621f38959a6cfe,md,generated_public_figure_caption,,source path is a redacted logical ID or generated artifact,generated_caption,reproducibility_or_small_evidence,project_authored,false,false,false,true,explicitly selected after manifest/import/safety review
results/core_a/figures/fig01_baseline_panorama.pdf,30309,9001157f454addeaff5febca1689abf87f8ff76e786d259950b8d85bf5e886f7,pdf,research_archive/.../core_a/analysis/.../figures/fig01_baseline_panorama.pdf,,source path is a redacted logical ID or generated artifact,figure_copy_and_rebuild,reproducibility_or_small_evidence,project_authored,false,false,false,true,explicitly selected after manifest/import/safety review
results/core_a/figures/fig01_baseline_panorama.png,226429,a36ff82da0dd4cb756e19ccdfbd05825bb3f19bb836638333ff6e24d65c0f6fd,png,research_archive/.../core_a/analysis/.../figures/fig01_baseline_panorama.png,,source path is a redacted logical ID or generated artifact,figure_copy_and_rebuild,reproducibility_or_small_evidence,project_authored,false,false,false,true,explicitly selected after manifest/import/safety review
results/core_a/figures/fig01_baseline_panorama.svg,105607,ba212b06e631e1a4f1583627c09c09be862a0425202c1b92784bac63d76b71d6,svg,research_archive/.../core_a/analysis/.../figures/fig01_baseline_panorama.svg,,source path is a redacted logical ID or generated artifact,figure_copy_and_rebuild,reproducibility_or_small_evidence,project_authored,false,false,false,true,explicitly selected after manifest/import/safety review
results/core_a/figures/fig02_batch4_32_48_dynamic_static.caption.md,310,94d70978f098a215b261d22a17485b926089c1a1f10d9b5f32f013d1ff787982,md,generated_public_figure_caption,,source path is a redacted logical ID or generated artifact,generated_caption,reproducibility_or_small_evidence,project_authored,false,false,false,true,explicitly selected after manifest/import/safety review
results/core_a/figures/fig02_batch4_32_48_dynamic_static.pdf,23367,04b70cd177b63727535c7e6bf3e0e0eeee1a5d946dbdc25eb7fdf6d8bd13d125,pdf,research_archive/.../core_a/analysis/.../figures/fig02_batch4_32_48_dynamic_static.pdf,,source path is a redacted logical ID or generated artifact,figure_copy_and_rebuild,reproducibility_or_small_evidence,project_authored,false,false,false,true,explicitly selected after manifest/import/safety review
results/core_a/figures/fig02_batch4_32_48_dynamic_static.png,153059,d8df728868f60310071621dd3eef9f81595c4e89d5cb2c2eb076c90fb0f0138a,png,research_archive/.../core_a/analysis/.../figures/fig02_batch4_32_48_dynamic_static.png,,source path is a redacted logical ID or generated artifact,figure_copy_and_rebuild,reproducibility_or_small_evidence,project_authored,false,false,false,true,explicitly selected after manifest/import/safety review
results/core_a/figures/fig02_batch4_32_48_dynamic_static.svg,55671,f2f8c27a924d5129a63ec7abe287674fa0ae142f413c328b56dda13f0d1a74ea,svg,research_archive/.../core_a/analysis/.../figures/fig02_batch4_32_48_dynamic_static.svg,,source path is a redacted logical ID or generated artifact,figure_copy_and_rebuild,reproducibility_or_small_evidence,project_authored,false,false,false,true,explicitly selected after manifest/import/safety review
results/core_a/figures/fig03_full120_lora_factorial.caption.md,289,7e62b871a0439c29dc3d432d4273487eb7d7c65bf38e79b5b11db48b3a1875cc,md,generated_public_figure_caption,,source path is a redacted logical ID or generated artifact,generated_caption,reproducibility_or_small_evidence,project_authored,false,false,false,true,explicitly selected after manifest/import/safety review
results/core_a/figures/fig03_full120_lora_factorial.pdf,25770,de92d27248733fcf171b00b749ded1a27b0c6c4e2e8455a8fbd4d6c3299fb97a,pdf,research_archive/.../core_a/analysis/.../figures/fig03_full120_lora_factorial.pdf,,source path is a redacted logical ID or generated artifact,figure_copy_and_rebuild,reproducibility_or_small_evidence,project_authored,false,false,false,true,explicitly selected after manifest/import/safety review
results/core_a/figures/fig03_full120_lora_factorial.png,186470,46dcfe62b3eebbf23c4c79e3c471c4443ceb422e1cdcaa5413b876282bb1d09e,png,research_archive/.../core_a/analysis/.../figures/fig03_full120_lora_factorial.png,,source path is a redacted logical ID or generated artifact,figure_copy_and_rebuild,reproducibility_or_small_evidence,project_authored,false,false,false,true,explicitly selected after manifest/import/safety review
results/core_a/figures/fig03_full120_lora_factorial.svg,65370,834a61ac742ee1100e24b64f484c269043557ab328328d693541b757bf6120c5,svg,research_archive/.../core_a/analysis/.../figures/fig03_full120_lora_factorial.svg,,source path is a redacted logical ID or generated artifact,figure_copy_and_rebuild,reproducibility_or_small_evidence,project_authored,false,false,false,true,explicitly selected after manifest/import/safety review
results/core_a/figures/fig04_lora_gain_interaction.caption.md,364,aac09658c2fd0f87e04846a80b858a0da5385147fd92e68d3ba96c8a09cd4ddd,md,generated_public_figure_caption,,source path is a redacted logical ID or generated artifact,generated_caption,reproducibility_or_small_evidence,project_authored,false,false,false,true,explicitly selected after manifest/import/safety review
results/core_a/figures/fig04_lora_gain_interaction.pdf,26564,e2ac06d8ddba3adb09d1ae504ed383991898bb101adf9cb8fd89c02f9ec8f9e5,pdf,research_archive/.../core_a/analysis/.../figures/fig04_lora_gain_interaction.pdf,,source path is a redacted logical ID or generated artifact,figure_copy_and_rebuild,reproducibility_or_small_evidence,project_authored,false,false,false,true,explicitly selected after manifest/import/safety review
results/core_a/figures/fig04_lora_gain_interaction.png,175849,9b7f2f6018cb2528778fa8378e114aee57cdbb930c7ee26cd6b256f956a3232b,png,research_archive/.../core_a/analysis/.../figures/fig04_lora_gain_interaction.png,,source path is a redacted logical ID or generated artifact,figure_copy_and_rebuild,reproducibility_or_small_evidence,project_authored,false,false,false,true,explicitly selected after manifest/import/safety review
results/core_a/figures/fig04_lora_gain_interaction.svg,68117,101495466f271a19bc58f949e36149bcfa0262b340d4bc1b9dba283530302bf1,svg,research_archive/.../core_a/analysis/.../figures/fig04_lora_gain_interaction.svg,,source path is a redacted logical ID or generated artifact,figure_copy_and_rebuild,reproducibility_or_small_evidence,project_authored,false,false,false,true,explicitly selected after manifest/import/safety review
results/core_a/figures/fig05_rare_shortcut.caption.md,337,de69fb91da42c2248064912763b1ae3104e475e5683050a71779e95441f4929e,md,generated_public_figure_caption,,source path is a redacted logical ID or generated artifact,generated_caption,reproducibility_or_small_evidence,project_authored,false,false,false,true,explicitly selected after manifest/import/safety review
results/core_a/figures/fig05_rare_shortcut.pdf,27301,5a1d4150b07ae32a8a95c35b8f4e90dd7e96a053d169ca9a9bb508d530af6df0,pdf,research_archive/.../core_a/analysis/.../figures/fig05_rare_shortcut.pdf,,source path is a redacted logical ID or generated artifact,figure_copy_and_rebuild,reproducibility_or_small_evidence,project_authored,false,false,false,true,explicitly selected after manifest/import/safety review
results/core_a/figures/fig05_rare_shortcut.png,168572,ea3ac2e494929b12191a92f8886f7d6d5cea0f09cf20e37710b78eacf0ffaca5,png,research_archive/.../core_a/analysis/.../figures/fig05_rare_shortcut.png,,source path is a redacted logical ID or generated artifact,figure_copy_and_rebuild,reproducibility_or_small_evidence,project_authored,false,false,false,true,explicitly selected after manifest/import/safety review
results/core_a/figures/fig05_rare_shortcut.svg,143394,b65614599be5738060daa1c7f78cce1bb80f337111c4c67940b886e0863047d5,svg,research_archive/.../core_a/analysis/.../figures/fig05_rare_shortcut.svg,,source path is a redacted logical ID or generated artifact,figure_copy_and_rebuild,reproducibility_or_small_evidence,project_authored,false,false,false,true,explicitly selected after manifest/import/safety review
results/core_a/figures/fig06_calibration.caption.md,320,f233dfd868c263fc5c057702577a477b2c028c6597540766a9fc2d3ac1426db0,md,generated_public_figure_caption,,source path is a redacted logical ID or generated artifact,generated_caption,reproducibility_or_small_evidence,project_authored,false,false,false,true,explicitly selected after manifest/import/safety review
results/core_a/figures/fig06_calibration.pdf,31361,04bd737c578b3d706abbbaf95c4b305d143781ef52f8e1074e6a6302137b33b9,pdf,research_archive/.../core_a/analysis/.../figures/fig06_calibration.pdf,,source path is a redacted logical ID or generated artifact,figure_copy_and_rebuild,reproducibility_or_small_evidence,project_authored,false,false,false,true,explicitly selected after manifest/import/safety review
results/core_a/figures/fig06_calibration.png,365322,6c18ff9aa422af8587227166ead943126e986778d77ee3d9d0ae885712330a4e,png,research_archive/.../core_a/analysis/.../figures/fig06_calibration.png,,source path is a redacted logical ID or generated artifact,figure_copy_and_rebuild,reproducibility_or_small_evidence,project_authored,false,false,false,true,explicitly selected after manifest/import/safety review
results/core_a/figures/fig06_calibration.svg,146801,e53951b3ab6c3e31fd483e95dff82e3592953acdc5c2ce42893b830a15a20451,svg,research_archive/.../core_a/analysis/.../figures/fig06_calibration.svg,,source path is a redacted logical ID or generated artifact,figure_copy_and_rebuild,reproducibility_or_small_evidence,project_authored,false,false,false,true,explicitly selected after manifest/import/safety review
results/core_a/plot_data/fig01_baseline_panorama.csv,4834,94398733503ad47938ee9f0d62e9d22cecb876b8c9d621f1f7b49f7ca3164ef5,csv,research_archive/.../core_a/analysis/.../figure_data/fig01_baseline_panorama.csv,,source path is a redacted logical ID or generated artifact,path_redacted_plot_data,reproducibility_or_small_evidence,project_authored,false,false,false,true,explicitly selected after manifest/import/safety review
results/core_a/plot_data/fig02_batch4_32_48.csv,1341,fb1c0eb85fd9ed1af350f8d86fd6b47a44941a6cbbccf5b2960e6c784ba32d48,csv,research_archive/.../core_a/analysis/.../figure_data/fig02_batch4_32_48.csv,,source path is a redacted logical ID or generated artifact,path_redacted_plot_data,reproducibility_or_small_evidence,project_authored,false,false,false,true,explicitly selected after manifest/import/safety review
results/core_a/plot_data/fig03_full120_lora_factorial.csv,4095,b1ed927bfd7084767ed5ebd156024d0497c982ce3752a94e2a74128436a5336f,csv,research_archive/.../core_a/analysis/.../figure_data/fig03_full120_lora_factorial.csv,,source path is a redacted logical ID or generated artifact,path_redacted_plot_data,reproducibility_or_small_evidence,project_authored,false,false,false,true,explicitly selected after manifest/import/safety review
results/core_a/plot_data/fig04_lora_gain_interaction.csv,662,29589671c4c5cd9c1a7960e26a2c801bfd1b2e72d12084d7c27d4f6fa21699a8,csv,research_archive/.../core_a/analysis/.../figure_data/fig04_lora_gain_interaction.csv,,source path is a redacted logical ID or generated artifact,path_redacted_plot_data,reproducibility_or_small_evidence,project_authored,false,false,false,true,explicitly selected after manifest/import/safety review
results/core_a/plot_data/fig05_rare_shortcut.csv,29851,2536d87aa72b4043cce5fbcb275d42a6381c1711b5e7789937d36ca63b496914,csv,research_archive/.../core_a/analysis/.../figure_data/fig05_rare_shortcut.csv,,source path is a redacted logical ID or generated artifact,path_redacted_plot_data,reproducibility_or_small_evidence,project_authored,false,false,false,true,explicitly selected after manifest/import/safety review
results/core_a/plot_data/fig06_calibration.csv,16514,d994a472c2656d55a634e5548f9b13fd433d3683c6814e8aae64b86ef38f516f,csv,research_archive/.../core_a/analysis/.../figure_data/fig06_calibration.csv,,source path is a redacted logical ID or generated artifact,path_redacted_plot_data,reproducibility_or_small_evidence,project_authored,false,false,false,true,explicitly selected after manifest/import/safety review
results/figures/.gitkeep,0,e3b0c44298fc1c149afbf4c8996fb92427ae41e4649b934ca495991b7852b855,.gitkeep,generated_or_existing_public_scaffold,,source path is a redacted logical ID or generated artifact,scaffold_or_generated,reproducibility_or_small_evidence,project_authored,false,false,false,true,explicitly selected after manifest/import/safety review
results/qualitative_examples/.gitkeep,0,e3b0c44298fc1c149afbf4c8996fb92427ae41e4649b934ca495991b7852b855,.gitkeep,generated_or_existing_public_scaffold,,source path is a redacted logical ID or generated artifact,scaffold_or_generated,reproducibility_or_small_evidence,project_authored,false,false,false,true,explicitly selected after manifest/import/safety review
scripts/README.md,282,45ec61d9811e7303f76156064961190cc6a8a2d6c02b13251b58153035b868a0,md,generated_or_existing_public_scaffold,,source path is a redacted logical ID or generated artifact,scaffold_or_generated,reproducibility_or_small_evidence,project_authored,false,false,false,true,explicitly selected after manifest/import/safety review
scripts/core_a/README.md,763,98c44a787f030b49a236e2b3a1ecbdacd1db0d4798c44e36525eefc5df6313ce,md,repo/ee6008-humanoid-vjepa/scripts/README.md,,source path is a redacted logical ID or generated artifact,current_project_script,reproducibility_or_small_evidence,project_authored,false,false,false,true,explicitly selected after manifest/import/safety review
scripts/core_a/audit_batch32_rescue_v3.py,61230,92abba0d10745916cfbd3bd2043c3316276fbc459cf051ad5dc99b7b3fd77f0f,py,repo/ee6008-humanoid-vjepa/scripts/audit_batch32_rescue_v3.py,d97b1e7aa486ea1fa415ec1613d970a6a589b3b0c9c6b743edce3b714ca61254,,current_project_script,reproducibility_or_small_evidence,project_authored,false,false,false,true,explicitly selected after manifest/import/safety review
scripts/core_a/audit_g1_corpus.py,6450,496207167f86a65f6fd06ffd05813158544aec7c5007f4cb0cfce60cd5f598fe,py,repo/ee6008-humanoid-vjepa/scripts/audit_g1_corpus.py,ed3c8b94cf96627fc802e1ad9f79805efaaad661a0494fcb5da807586ad3a448,,current_project_script,reproducibility_or_small_evidence,project_authored,false,false,false,true,explicitly selected after manifest/import/safety review
scripts/core_a/audit_metrics.py,10164,4fae39e58d20ca764ee92ab90970cc0a1bc2e797c7dd9ec0612a06c3374485d2,py,repo/ee6008-humanoid-vjepa/scripts/audit_metrics.py,4fae39e58d20ca764ee92ab90970cc0a1bc2e797c7dd9ec0612a06c3374485d2,,current_project_script,reproducibility_or_small_evidence,project_authored,false,false,false,true,explicitly selected after manifest/import/safety review
scripts/core_a/audit_population_leakage.py,11131,08ed06e66a7c313460e9af79fef20b593f376ed9896f36718325686620afdb70,py,repo/ee6008-humanoid-vjepa/scripts/audit_population_leakage.py,08ed06e66a7c313460e9af79fef20b593f376ed9896f36718325686620afdb70,,current_project_script,reproducibility_or_small_evidence,project_authored,false,false,false,true,explicitly selected after manifest/import/safety review
scripts/core_a/audit_preprocessing.py,16238,d07675f4281b3e0844af72333ffe7cd39c5040bbf54563fef6efb21140193a44,py,repo/ee6008-humanoid-vjepa/scripts/audit_preprocessing.py,d07675f4281b3e0844af72333ffe7cd39c5040bbf54563fef6efb21140193a44,,current_project_script,reproducibility_or_small_evidence,project_authored,false,false,false,true,explicitly selected after manifest/import/safety review
scripts/core_a/audit_v3_final_test_lock.py,6340,04eb66925249d8bd0cf3f717f5d12370ba75da62113808dfeaea581636561728,py,repo/ee6008-humanoid-vjepa/scripts/audit_v3_final_test_lock.py,04eb66925249d8bd0cf3f717f5d12370ba75da62113808dfeaea581636561728,,current_project_script,reproducibility_or_small_evidence,project_authored,false,false,false,true,explicitly selected after manifest/import/safety review
scripts/core_a/build_v3_duplicate_safe_split.py,30066,106a22ce55150299b6e2018f33a8633a0a7d9f68b5acc6aaa00a2606b106dd29,py,repo/ee6008-humanoid-vjepa/scripts/build_v3_duplicate_safe_split.py,106a22ce55150299b6e2018f33a8633a0a7d9f68b5acc6aaa00a2606b106dd29,,current_project_script,reproducibility_or_small_evidence,project_authored,false,false,false,true,explicitly selected after manifest/import/safety review
scripts/core_a/compare_full_metadata.py,11605,74726560ba908c4407358bc5ffe5b1ded57a8314f0f37f3a7a7002fd5f76d472,py,repo/ee6008-humanoid-vjepa/scripts/compare_full_metadata.py,74726560ba908c4407358bc5ffe5b1ded57a8314f0f37f3a7a7002fd5f76d472,,current_project_script,reproducibility_or_small_evidence,project_authored,false,false,false,true,explicitly selected after manifest/import/safety review
scripts/core_a/make_core_a_figures.py,18844,a80c0a9f525c16ae3080b927b42d7a411c72b6201aa08440c76133b331b0cd77,py,research_archive/.../core_a/analysis/.../code/make_core_a_figures.py,,source path is a redacted logical ID or generated artifact,archived_analysis_script_path_redacted,reproducibility_or_small_evidence,project_authored,false,false,false,true,explicitly selected after manifest/import/safety review
scripts/core_a/merge_v3_feature_manifest.py,4630,715000f54dc1524b9f1faeb5ba95c4efd7e80969c4dcedf282b3836f9bb9e05f,py,repo/ee6008-humanoid-vjepa/scripts/merge_v3_feature_manifest.py,715000f54dc1524b9f1faeb5ba95c4efd7e80969c4dcedf282b3836f9bb9e05f,,current_project_script,reproducibility_or_small_evidence,project_authored,false,false,false,true,explicitly selected after manifest/import/safety review
scripts/core_a/prepare_batch48_class_weights_v3.py,2528,6f45eb444bc34310274094cddef9cb28556628bcfdd149b932596be2b831f9bf,py,repo/ee6008-humanoid-vjepa/scripts/prepare_batch48_class_weights_v3.py,6f45eb444bc34310274094cddef9cb28556628bcfdd149b932596be2b831f9bf,,current_project_script,reproducibility_or_small_evidence,project_authored,false,false,false,true,explicitly selected after manifest/import/safety review
scripts/core_a/qa_public_figures.py,3808,b242dfe582e2aaf187ee4283423be7a941676d15b1dde5bbd1d0168c63e9e6e0,py,research_archive/.../core_a/analysis/.../code/qa_public_figures.py,,source path is a redacted logical ID or generated artifact,archived_analysis_script_path_redacted,reproducibility_or_small_evidence,project_authored,false,false,false,true,explicitly selected after manifest/import/safety review
scripts/core_a/repair_split_leakage.py,12412,c95423ee8f49487dffce630d0edfb725268e1b511e7c44c01bcf33aaa808aa10,py,repo/ee6008-humanoid-vjepa/scripts/repair_split_leakage.py,c95423ee8f49487dffce630d0edfb725268e1b511e7c44c01bcf33aaa808aa10,,current_project_script,reproducibility_or_small_evidence,project_authored,false,false,false,true,explicitly selected after manifest/import/safety review
scripts/core_a/run_attentive_probe.py,14451,2406c8277350b728bdb74191b23d42201e65350f8d47cd3903d4df1375dc04a3,py,repo/ee6008-humanoid-vjepa/scripts/run_attentive_probe.py,2406c8277350b728bdb74191b23d42201e65350f8d47cd3903d4df1375dc04a3,,current_project_script,reproducibility_or_small_evidence,project_authored,false,false,false,true,explicitly selected after manifest/import/safety review
scripts/core_a/run_baseline_matrix.py,13301,18f75e81094f17c26ffed50291ae89fc1f82c2561c04095ae63b4d73954fd999,py,repo/ee6008-humanoid-vjepa/scripts/run_baseline_matrix.py,18f75e81094f17c26ffed50291ae89fc1f82c2561c04095ae63b4d73954fd999,,current_project_script,reproducibility_or_small_evidence,project_authored,false,false,false,true,explicitly selected after manifest/import/safety review
scripts/core_a/run_batch32_rescue_v3.py,44100,88987cd3a83f136c88e32704bfe2dedbd60202957cba81e34a25217c5d28557b,py,repo/ee6008-humanoid-vjepa/scripts/run_batch32_rescue_v3.py,dab4c623407937a957f2eb887d917f4eea87d7f494c229fdc26676855a847fde,,current_project_script,reproducibility_or_small_evidence,project_authored,false,false,false,true,explicitly selected after manifest/import/safety review
scripts/core_a/run_batch48_ablation_matrix_v3.py,53864,a964d407f12735ce57a950f06062177167ad35754bffabd97cb4472b2639142c,py,repo/ee6008-humanoid-vjepa/scripts/run_batch48_ablation_matrix_v3.py,c49488fce6cc3c65624825b763bfad55ee11cd8f3b82386fffcac16838398e65,,current_project_script,reproducibility_or_small_evidence,project_authored,false,false,false,true,explicitly selected after manifest/import/safety review
scripts/core_a/run_checkpoint_pilot.py,11189,7f5ba295daea3a632fb06c6d61b6cbb6355c1d4db19f32f82ec9c3f28b503802,py,repo/ee6008-humanoid-vjepa/scripts/run_checkpoint_pilot.py,7f5ba295daea3a632fb06c6d61b6cbb6355c1d4db19f32f82ec9c3f28b503802,,current_project_script,reproducibility_or_small_evidence,project_authored,false,false,false,true,explicitly selected after manifest/import/safety review
scripts/core_a/run_core_a.py,15375,2a668e2073d24ceef337fde63c4ed4aaf5e0e25af7255d31299b7d4bf5370478,py,repo/ee6008-humanoid-vjepa/scripts/run_core_a.py,2a668e2073d24ceef337fde63c4ed4aaf5e0e25af7255d31299b7d4bf5370478,,current_project_script,reproducibility_or_small_evidence,project_authored,false,false,false,true,explicitly selected after manifest/import/safety review
scripts/core_a/run_duration_curve.py,8490,62fdec3ebfc4db4e799d053602a1d5409577326ff6f090a040011bf66626702c,py,repo/ee6008-humanoid-vjepa/scripts/run_duration_curve.py,62fdec3ebfc4db4e799d053602a1d5409577326ff6f090a040011bf66626702c,,current_project_script,reproducibility_or_small_evidence,project_authored,false,false,false,true,explicitly selected after manifest/import/safety review
scripts/core_a/run_full_attentive_probe_v3.py,38313,f77375634c898abaded6777142419c152db4cc57e5a364a0bb32fd576d72b5cd,py,repo/ee6008-humanoid-vjepa/scripts/run_full_attentive_probe_v3.py,59684dd8010a940c3f156f0d2b47fa575cc2bc1894621c91fb300536cbe3a27a,,current_project_script,reproducibility_or_small_evidence,project_authored,false,false,false,true,explicitly selected after manifest/import/safety review
scripts/core_a/run_nonparametric_baselines_v3.py,28896,0ade27a5dd1fd983c4f841adb2c902c87d57ddb9d9dd06db966e626c806c0d57,py,repo/ee6008-humanoid-vjepa/scripts/run_nonparametric_baselines_v3.py,2e8caad61c6b985281e8ff6fba3f57e17a50a39b6e730593758f7a124fa40f1d,,current_project_script,reproducibility_or_small_evidence,project_authored,false,false,false,true,explicitly selected after manifest/import/safety review
scripts/core_a/run_probe.py,3694,676d83f20f0352515e244039114e780f48b4d42d58ba2c79998d8deb865239c2,py,repo/ee6008-humanoid-vjepa/scripts/run_probe.py,676d83f20f0352515e244039114e780f48b4d42d58ba2c79998d8deb865239c2,,current_project_script,reproducibility_or_small_evidence,project_authored,false,false,false,true,explicitly selected after manifest/import/safety review
scripts/core_a/run_vjepa_top2_lora_pilot.py,50385,e445f92ecfbee09c082d8bf0988cb3090d5cf0649d7dcafba9fd6b98af0b009c,py,repo/ee6008-humanoid-vjepa/scripts/run_vjepa_top2_lora_pilot.py,46d54ccff2a2a0b387233dae3e7925b9b441ec6ec31638d3f9fc1a3d510878d7,,current_project_script,reproducibility_or_small_evidence,project_authored,false,false,false,true,explicitly selected after manifest/import/safety review
scripts/core_a/validate_public_release.py,9627,592598f5eb44ea4c88c7c29b0c363b79b05b46dd535e4eb26faf165acc0d4399,py,generated_public_release_qa,,source path is a redacted logical ID or generated artifact,generated_release_tool,reproducibility_or_small_evidence,project_authored,false,false,false,true,explicitly selected after manifest/import/safety review
scripts/core_a/verify_batch32_inputs_v3.py,5439,5e8555de247e390524c7cdded94aa36fe9c5f82b146bb7de18c8002aa627097a,py,repo/ee6008-humanoid-vjepa/scripts/verify_batch32_inputs_v3.py,5e8555de247e390524c7cdded94aa36fe9c5f82b146bb7de18c8002aa627097a,,current_project_script,reproducibility_or_small_evidence,project_authored,false,false,false,true,explicitly selected after manifest/import/safety review
scripts/core_a/verify_full_attentive_inputs_v3.py,6838,9e22e596aa0da5ed84d575e9087486bfd28387859a5cd655b25f421c26a5af61,py,repo/ee6008-humanoid-vjepa/scripts/verify_full_attentive_inputs_v3.py,bea36238dde76394fffc3235304738b6354e98274a085059128e9fee11c79f62,,current_project_script,reproducibility_or_small_evidence,project_authored,false,false,false,true,explicitly selected after manifest/import/safety review
src/ee6008/__init__.py,72,bbbdbc4d1aa71cc4d2654a06bcd8851096076ed96c012c7a39be9ac7d7780d25,py,repo/ee6008-humanoid-vjepa/src/ee6008/__init__.py,bbbdbc4d1aa71cc4d2654a06bcd8851096076ed96c012c7a39be9ac7d7780d25,,current_project_source,reproducibility_or_small_evidence,project_authored,false,false,false,true,explicitly selected after manifest/import/safety review
src/ee6008/baselines.py,1867,3374e55a2ee5b480d78e7b293531f6647d94fdbeb41e6a94e870af1c5a431194,py,repo/ee6008-humanoid-vjepa/src/ee6008/baselines.py,3374e55a2ee5b480d78e7b293531f6647d94fdbeb41e6a94e870af1c5a431194,,current_project_source,reproducibility_or_small_evidence,project_authored,false,false,false,true,explicitly selected after manifest/import/safety review
src/ee6008/cache.py,3529,0b2f291aff130fb2142447e4f9123f092c3c06821a920a61892e8d1bd7b4450e,py,repo/ee6008-humanoid-vjepa/src/ee6008/cache.py,0b2f291aff130fb2142447e4f9123f092c3c06821a920a61892e8d1bd7b4450e,,current_project_source,reproducibility_or_small_evidence,project_authored,false,false,false,true,explicitly selected after manifest/import/safety review
src/ee6008/config.py,4717,2273bd3e1aba5a11561a0816a40fdc4492fd0df208f21704e36c6bbd20da3ce1,py,repo/ee6008-humanoid-vjepa/src/ee6008/config.py,9ad92402611f2d71dab63cb9b254e5a6d8bdf3b79dfe1d668b551738b92a2387,,current_project_source,reproducibility_or_small_evidence,project_authored,false,false,false,true,explicitly selected after manifest/import/safety review
src/ee6008/data/__init__.py,71,3abf65d091eb20ce965201302ac92cda2ef9441e1a344c01f3443d74fd0119ac,py,repo/ee6008-humanoid-vjepa/src/ee6008/data/__init__.py,3abf65d091eb20ce965201302ac92cda2ef9441e1a344c01f3443d74fd0119ac,,current_project_source,reproducibility_or_small_evidence,project_authored,false,false,false,true,explicitly selected after manifest/import/safety review
src/ee6008/data/clips.py,6454,80bff7dbe6c74ca8a39e62d6fe623c47d57735fe337711d5c8e7e6a1bfa45e19,py,repo/ee6008-humanoid-vjepa/src/ee6008/data/clips.py,45e1bfef8441528d7fddceda4ae436562ccc5cbeb628f018ce39fe707442494d,,public_portability_patch,reproducibility_or_small_evidence,project_authored,false,false,false,true,explicitly selected after manifest/import/safety review
src/ee6008/data/inventory.py,23059,4f4e2c72ba6a824aa18c9c37d9c14fdcc32c1cf44ce8f004b8c99833a3d488a5,py,repo/ee6008-humanoid-vjepa/src/ee6008/data/inventory.py,4f4e2c72ba6a824aa18c9c37d9c14fdcc32c1cf44ce8f004b8c99833a3d488a5,,current_project_source,reproducibility_or_small_evidence,project_authored,false,false,false,true,explicitly selected after manifest/import/safety review
src/ee6008/data/selection.py,5897,87bbc01fa9800d8e36f6c6ed995b473937c2c18fda250359fe2217cad90ddb61,py,repo/ee6008-humanoid-vjepa/src/ee6008/data/selection.py,87bbc01fa9800d8e36f6c6ed995b473937c2c18fda250359fe2217cad90ddb61,,current_project_source,reproducibility_or_small_evidence,project_authored,false,false,false,true,explicitly selected after manifest/import/safety review
src/ee6008/data/splits.py,9152,c86e972a62a66264f19e5f9f7ab4ec76a9c6121c598df3128be40d44599122c3,py,repo/ee6008-humanoid-vjepa/src/ee6008/data/splits.py,c86e972a62a66264f19e5f9f7ab4ec76a9c6121c598df3128be40d44599122c3,,current_project_source,reproducibility_or_small_evidence,project_authored,false,false,false,true,explicitly selected after manifest/import/safety review
src/ee6008/full_attentive.py,5126,12e8c7ca166b8d72dd46a90190e45b08eaca84c1572315560bfef54ba94cc43f,py,repo/ee6008-humanoid-vjepa/src/ee6008/full_attentive.py,12e8c7ca166b8d72dd46a90190e45b08eaca84c1572315560bfef54ba94cc43f,,current_project_source,reproducibility_or_small_evidence,project_authored,false,false,false,true,explicitly selected after manifest/import/safety review
src/ee6008/full_attentive_data.py,8704,8250485e045a534e1907ef3447a4650ad2caab3f52c22060ea1d2d16002b8906,py,repo/ee6008-humanoid-vjepa/src/ee6008/full_attentive_data.py,8250485e045a534e1907ef3447a4650ad2caab3f52c22060ea1d2d16002b8906,,current_project_source,reproducibility_or_small_evidence,project_authored,false,false,false,true,explicitly selected after manifest/import/safety review
src/ee6008/lora.py,12285,c0d8a2d58f957f8c33ffaeb5bae2beb066a3d2f3bdb774ad5e7ae2085ec05480,py,repo/ee6008-humanoid-vjepa/src/ee6008/lora.py,c0d8a2d58f957f8c33ffaeb5bae2beb066a3d2f3bdb774ad5e7ae2085ec05480,,current_project_source,reproducibility_or_small_evidence,project_authored,false,false,false,true,explicitly selected after manifest/import/safety review
src/ee6008/metrics.py,2376,f726f3c10f6449f32608ea5c119accda9dda0786dd7fa92ca4284ace7e85af3c,py,repo/ee6008-humanoid-vjepa/src/ee6008/metrics.py,f726f3c10f6449f32608ea5c119accda9dda0786dd7fa92ca4284ace7e85af3c,,current_project_source,reproducibility_or_small_evidence,project_authored,false,false,false,true,explicitly selected after manifest/import/safety review
src/ee6008/models.py,2703,24708f810cd1ca0a7ddb6975ecf231ee4e5c55d9a0f66118c3c33a2605e57692,py,repo/ee6008-humanoid-vjepa/src/ee6008/models.py,24708f810cd1ca0a7ddb6975ecf231ee4e5c55d9a0f66118c3c33a2605e57692,,current_project_source,reproducibility_or_small_evidence,project_authored,false,false,false,true,explicitly selected after manifest/import/safety review
src/ee6008/probe.py,1873,78a564ecc68eaf14f4a0879a68ed946752bfdb694c82b4f9ace40caba585aa74,py,repo/ee6008-humanoid-vjepa/src/ee6008/probe.py,78a564ecc68eaf14f4a0879a68ed946752bfdb694c82b4f9ace40caba585aa74,,current_project_source,reproducibility_or_small_evidence,project_authored,false,false,false,true,explicitly selected after manifest/import/safety review
src/ee6008/top_block_finetune.py,6356,1326418a652791346e3099d3dea093a31f8fd65f7dd607467f304ffbebe14754,py,repo/ee6008-humanoid-vjepa/src/ee6008/top_block_finetune.py,1326418a652791346e3099d3dea093a31f8fd65f7dd607467f304ffbebe14754,,current_project_source,reproducibility_or_small_evidence,project_authored,false,false,false,true,explicitly selected after manifest/import/safety review
src/evaluation/README.md,104,d318a79fa8750da08199fec92a91a1f8f0f0fa2415614b73b5f55f37651b2b52,md,generated_or_existing_public_scaffold,,source path is a redacted logical ID or generated artifact,scaffold_or_generated,reproducibility_or_small_evidence,project_authored,false,false,false,true,explicitly selected after manifest/import/safety review
src/models/README.md,108,c93cda6e1e67985d45f0cb97d26314c106c01ebdca853dd5d52054737d77a39a,md,generated_or_existing_public_scaffold,,source path is a redacted logical ID or generated artifact,scaffold_or_generated,reproducibility_or_small_evidence,project_authored,false,false,false,true,explicitly selected after manifest/import/safety review
src/training/README.md,100,44b0fa59c12ec2483986a695543ca79a4fa8fabf82b6bacad2d126a722bbcf04,md,generated_or_existing_public_scaffold,,source path is a redacted logical ID or generated artifact,scaffold_or_generated,reproducibility_or_small_evidence,project_authored,false,false,false,true,explicitly selected after manifest/import/safety review
src/utils/README.md,102,ac9efb0ace2053ff7ec378363ea7d6e91aa57a7dc39436c74ebe67ca24da6483,md,generated_or_existing_public_scaffold,,source path is a redacted logical ID or generated artifact,scaffold_or_generated,reproducibility_or_small_evidence,project_authored,false,false,false,true,explicitly selected after manifest/import/safety review
tests/README.md,184,603c25a89e70ba01714f27744ac280fe322ad84547c1a973a8b6560e5b08e02d,md,generated_or_existing_public_scaffold,,source path is a redacted logical ID or generated artifact,scaffold_or_generated,reproducibility_or_small_evidence,project_authored,false,false,false,true,explicitly selected after manifest/import/safety review
tests/core_a/test_batch48_runner.py,4058,c0b4879b39d2d6ff5c15feb9d16fd974bc89a95a8749ca06d8964f6d53b63511,py,repo/ee6008-humanoid-vjepa/tests/test_batch48_runner.py,37129d7f570c026464b4455bb4399a18d7ad3571ed6034fb168e425e0e788f99,,current_project_test,reproducibility_or_small_evidence,project_authored,false,false,false,true,explicitly selected after manifest/import/safety review
tests/core_a/test_core_a.py,5479,18d6a6621f0d7334c1181e0a200347f690549b67c684d6c6dca68a6a5b938f62,py,repo/ee6008-humanoid-vjepa/tests/test_core_a.py,e13bed69c6dfe23d7a4f19378e58862c39ef100ee03b39284b6ed835f90293cd,,current_project_test,reproducibility_or_small_evidence,project_authored,false,false,false,true,explicitly selected after manifest/import/safety review
tests/core_a/test_full_attentive.py,2773,205230f4a74fc6951f1fa10faeea066c75979516edf642fcd6a5c9901dd4270a,py,repo/ee6008-humanoid-vjepa/tests/test_full_attentive.py,28ecf16cf9883277ce29902488158d11fdc839df936dbbbbd232544d839ca39b,,current_project_test,reproducibility_or_small_evidence,project_authored,false,false,false,true,explicitly selected after manifest/import/safety review
tests/core_a/test_lora.py,2804,5634d303a5073c9007cddcd61d58d9910dceab2b1be2c2138eaca653aea82037,py,repo/ee6008-humanoid-vjepa/tests/test_lora.py,0f2ebda845cc354d316f4ceb7254775f0b507dfdb53c62975a03b5d33bf5658c,,current_project_test,reproducibility_or_small_evidence,project_authored,false,false,false,true,explicitly selected after manifest/import/safety review
tests/core_a/test_top_block_finetune.py,3122,5a0ed70b7355004f3499493a00494be0f4fc84210c975cfb88f6cd9fec1793fc,py,repo/ee6008-humanoid-vjepa/tests/test_top_block_finetune.py,201eb2333d28b11fb09abc8132fa3d5d71e6403cfa95dd25b11bae9b65eea65a,,current_project_test,reproducibility_or_small_evidence,project_authored,false,false,false,true,explicitly selected after manifest/import/safety review
