source_group,name,method,top1,top1_sd,top5,top5_sd,macro_f1,macro_f1_sd,nll,nll_sd,ece,ece_sd,source,status
historical_baseline_matrix,chance,chance,0.0086439764127135,0.0018714759924181,0.0394381421307722,0.0033738500581186,0.0069238035356456,0.0013717354805245,5.291555563608806,0.0308432518898034,0.0627937813599904,0.002553365721363,server-only://core-a/historical/chance,pass
historical_baseline_matrix,majority,majority,0.019448947161436,0.0,0.0583468377590179,0.0,0.0003179650238473,0.0,4.8004655838012695,0.0,0.0390138365328311,0.0,server-only://core-a/historical/majority,pass
historical_baseline_matrix,state_only,state_only,0.8649378816286722,0.0040787839708892,0.9567800958951316,0.0018714690023266,0.7365666622774465,0.0037078571490236,0.6588512857755026,0.0077056365971867,0.0401719858249028,0.005560407115726,server-only://core-a/historical/state_only,pass
historical_baseline_matrix,r3d18_kinetics400_v1,r3d18_kinetics400_v1,0.945975144704183,0.0033738339520148,0.9929767847061156,0.0009357517075421,0.8849279502269698,0.0073932217066172,0.3950858314832051,0.0390517684973577,0.0295998242994149,0.0034697117760944,server-only://core-a/historical/r3d18_kinetics400_v1,pass
historical_baseline_matrix,static_first_frame_vjepa2_1_b,static_first_frame_vjepa2_1_b,0.9562398592631022,0.0016207396985013,0.9983792304992676,0.0,0.9017846042846044,0.0200975692240894,0.2504010548194249,0.0155576277511067,0.0385131972531477,0.0019495492933541,server-only://core-a/historical/static_first_frame_vjepa2_1_b,pass
historical_baseline_matrix,vjepa2_1_b_full_existing_cache,vjepa2_1_b_full_existing_cache,0.968665599822998,0.0040787879182173,0.99675852060318,0.0,0.9175280275280274,0.0027228578793101,0.2254887868960698,0.0070616223760387,0.0388065762817859,0.008325874222802,server-only://core-a/historical/vjepa2_1_b_full_existing_cache,pass
historical_baseline_matrix,vjepa_full_dynamic_attentive_selected_best,vjepa_full_dynamic_attentive_selected_best,0.927066445350647,0.0098585992062281,0.9837925434112548,0.0016207695007324,0.8182841931126245,0.0307421751273928,0.3565428952376048,0.0569123316328983,0.0350209946433703,0.003996736599507,server-only://core-a/historical/vjepa_full_dynamic_attentive_selected_best,pass
historical_baseline_matrix,vjepa_full_static_attentive_selected_best,vjepa_full_static_attentive_selected_best,0.9276066819826762,0.0067477108536714,0.98703404267629,0.0016207396985013,0.8371600621600622,0.0139135723612577,0.3237250943978627,0.0233202994743661,0.0360500725607077,0.0038782904549626,server-only://core-a/historical/vjepa_full_static_attentive_selected_best,pass
historical_baseline_matrix,nonparametric_dynamic_cosine_knn1,nonparametric_dynamic_cosine_knn1,0.9432739059967585,0.0,0.9432739059967585,0.0,0.884887334887335,0.0,nan,nan,nan,nan,server-only://core-a/historical/nonparametric_dynamic_cosine_knn1,pass
historical_baseline_matrix,nonparametric_dynamic_cosine_knn20,nonparametric_dynamic_cosine_knn20,0.9124797406807131,0.0,0.9918962722852512,0.0,0.7342251681067471,0.0,nan,nan,nan,nan,server-only://core-a/historical/nonparametric_dynamic_cosine_knn20,pass
historical_baseline_matrix,nonparametric_dynamic_cosine_knn5,nonparametric_dynamic_cosine_knn5,0.9303079416531604,0.0,0.9918962722852512,0.0,0.8296592296592297,0.0,nan,nan,nan,nan,server-only://core-a/historical/nonparametric_dynamic_cosine_knn5,pass
historical_baseline_matrix,nonparametric_dynamic_cosine_nearest_centroid,nonparametric_dynamic_cosine_nearest_centroid,0.9173419773095624,0.0,0.9821717990275527,0.0,0.8605372989583517,0.0,nan,nan,nan,nan,server-only://core-a/historical/nonparametric_dynamic_cosine_nearest_centroid,pass
historical_baseline_matrix,nonparametric_static_cosine_knn1,nonparametric_static_cosine_knn1,0.9529983792544571,0.0,0.9529983792544571,0.0,0.8945476745476746,0.0,nan,nan,nan,nan,server-only://core-a/historical/nonparametric_static_cosine_knn1,pass
historical_baseline_matrix,nonparametric_static_cosine_knn20,nonparametric_static_cosine_knn20,0.9141004862236629,0.0,0.993517017828201,0.0,0.7362040981893923,0.0,nan,nan,nan,nan,server-only://core-a/historical/nonparametric_static_cosine_knn20,pass
historical_baseline_matrix,nonparametric_static_cosine_knn5,nonparametric_static_cosine_knn5,0.9384116693679092,0.0,0.993517017828201,0.0,0.8157424982424982,0.0,nan,nan,nan,nan,server-only://core-a/historical/nonparametric_static_cosine_knn5,pass
historical_baseline_matrix,nonparametric_static_cosine_nearest_centroid,nonparametric_static_cosine_nearest_centroid,0.9367909238249594,0.0,0.9886547811993517,0.0,0.8802466052466053,0.0,nan,nan,nan,nan,server-only://core-a/historical/nonparametric_static_cosine_nearest_centroid,pass
historical_baseline_matrix,batch32_dynamic,batch32_dynamic,0.9443543950716654,0.005691867734303967,0.9854132731755575,0.002807220709868891,0.8601495816984949,0.003947127738086987,0.27103036642074585,0.016486952122121038,0.03113644819269949,0.007816714055798342,server-only://core-a/historical/batch32_dynamic,pass
historical_baseline_matrix,batch32_static,batch32_static,0.9259859720865885,0.009357379424391167,0.9918962518374125,0.002807220709868891,0.8618917134971057,0.0206671388089479,0.2932940622170766,0.018246926317117176,0.03717528239319221,0.004145840060811806,server-only://core-a/historical/batch32_static,pass
historical_baseline_matrix,batch4_dynamic,batch4_dynamic,0.927066445350647,0.009858599206228101,0.9837925434112549,0.0016207695007324219,0.8182841931126245,0.03074217512739288,0.3565428853034973,0.05691233217501196,0.035020964941677064,0.003996783051234217,server-only://core-a/historical/batch4_dynamic,pass
historical_baseline_matrix,batch4_static,batch4_static,0.9276066819826762,0.006747710853671428,0.9870340426762899,0.0016207396985013687,0.8371600621600622,0.013913572361257735,0.3237250844637553,0.023320282894411085,0.03605001993368665,0.0038783457681775546,server-only://core-a/historical/batch4_static,pass
full120_stage1_current,D-P-F,D-P-F,0.9481361426256077,nan,0.9967585089141004,nan,0.902113580863581,nan,0.331486102563503,nan,0.13836722727839312,nan,server-only://core-a/historical/D-P-F,
full120_stage1_current,D-P-L,D-P-L,0.9611021069692058,nan,0.9967585089141004,nan,0.9219984644984645,nan,0.14505097554477162,nan,0.024525120519200097,nan,server-only://core-a/historical/D-P-L,
full120_stage1_current,D-A-F,D-A-F,0.9351701782820098,nan,0.9821717990275527,nan,0.8347468125556361,nan,0.39771200551400343,nan,0.04297838403922585,nan,server-only://core-a/historical/D-A-F,
full120_stage1_current,D-A-L,D-A-L,0.9384116693679092,nan,0.9854132901134521,nan,0.8212797339113128,nan,0.3450383752482089,nan,0.03817123270849171,nan,server-only://core-a/historical/D-A-L,
full120_stage1_current,S-P-F,S-P-F,0.9497568881685575,nan,0.9967585089141004,nan,0.910348309098309,nan,0.35003774995175485,nan,0.14549046257445145,nan,server-only://core-a/historical/S-P-F,
full120_stage1_current,S-P-L,S-P-L,0.9708265802269044,nan,0.9967585089141004,nan,0.9299209124209126,nan,0.12408468683995723,nan,0.022126268037667932,nan,server-only://core-a/historical/S-P-L,
full120_stage1_current,S-A-F,S-A-F,0.9238249594813615,nan,0.9854132901134521,nan,0.8291514917830707,nan,0.3836280506442767,nan,0.05001878417281658,nan,server-only://core-a/historical/S-A-F,
full120_stage1_current,S-A-L,S-A-L,0.9497568881685575,nan,0.9902755267423015,nan,0.8865461893179284,nan,0.2715978656801595,nan,0.035337816691355176,nan,server-only://core-a/historical/S-A-L,
full120_stage1_state_ctrl,STATE-CTRL,STATE-CTRL,0.6337115072933549,nan,0.8703403565640194,nan,0.49080161407307993,nan,1.9804915483751622,nan,0.3565930980431363,nan,server-only://core-a/historical/STATE-CTRL,
