cell,input,head,adaptation,support_bucket,class_count,total_episode_support,mean_recall,mean_f1,mean_precision
D-P-F,dynamic,pooled,frozen,support_1,25,25,0.72,0.7066666666666666,0.7
D-P-F,dynamic,pooled,frozen,support_2_4,0,0,nan,nan,nan
D-P-F,dynamic,pooled,frozen,support_5_plus,95,592,0.9561403508771931,0.953546979336453,0.9564912280701755
D-P-L,dynamic,pooled,lora,support_1,25,25,0.8,0.76,0.74
D-P-L,dynamic,pooled,lora,support_2_4,0,0,nan,nan,nan
D-P-L,dynamic,pooled,lora,support_5_plus,95,592,0.9666666666666668,0.9646296393664815,0.9667167919799499
D-A-F,dynamic,attentive,frozen,support_1,25,25,0.48,0.4133333333333333,0.38
D-A-F,dynamic,attentive,frozen,support_2_4,0,0,nan,nan,nan
D-A-F,dynamic,attentive,frozen,support_5_plus,95,592,0.952531328320802,0.9456450965615053,0.9538792786161208
D-A-L,dynamic,attentive,lora,support_1,25,25,0.4,0.32666666666666666,0.29333333333333333
D-A-L,dynamic,attentive,lora,support_2_4,0,0,nan,nan,nan
D-A-L,dynamic,attentive,lora,support_5_plus,95,592,0.9598997493734336,0.9514410673967462,0.9564372469635627
S-P-F,static,pooled,frozen,support_1,25,25,0.76,0.7466666666666666,0.74
S-P-F,static,pooled,frozen,support_2_4,0,0,nan,nan,nan
S-P-F,static,pooled,frozen,support_5_plus,95,592,0.9561403508771931,0.9534224255276886,0.959390142021721
S-P-L,static,pooled,lora,support_1,25,25,0.76,0.7466666666666666,0.74
S-P-L,static,pooled,lora,support_2_4,0,0,nan,nan,nan
S-P-L,static,pooled,lora,support_5_plus,95,592,0.9789473684210527,0.9781457139351876,0.9809523809523809
S-A-F,static,attentive,frozen,support_1,25,25,0.48,0.42666666666666664,0.40666666666666673
S-A-F,static,attentive,frozen,support_2_4,0,0,nan,nan,nan
S-A-F,static,attentive,frozen,support_5_plus,95,592,0.9403508771929826,0.9350685510242296,0.9389936379410064
S-A-L,static,attentive,lora,support_1,25,25,0.68,0.6066666666666667,0.5733333333333333
S-A-L,static,attentive,lora,support_2_4,0,0,nan,nan,nan
S-A-L,static,attentive,lora,support_5_plus,95,592,0.9596491228070176,0.9601986952787869,0.9650250626566417
STATE-CTRL,state_only,state_mlp,head_only,support_1,25,25,0.0,0.0,0.0
STATE-CTRL,state_only,state_mlp,head_only,support_2_4,0,0,nan,nan,nan
STATE-CTRL,state_only,state_mlp,head_only,support_5_plus,95,592,0.6522556390977442,0.6199599335659955,0.6456534478141125
