run_id,date,owner,git_commit,dataset,split,task,model,checkpoint,config,seed,server,output_path,status,metric_primary,metric_secondary,notes
core_a_full120_stage1_d_p_f,2026-09-03,project-team,204698b45b3712590f06245fbfba32d3be539812,G1_Humanoid_Everyday@6b6b599def75e3558b2736062e79bdbeec6cd224,core_a_protocol_v3_duplicate_safe@2883debbbe542bd4df0478ec7e896ed1468e647f93cb609041dd6411e7856997,partial-observation task recognition,V-JEPA2.1-B/384 pooled frozen,server-only://checkpoint/vjepa2_1_vitb_dist_vitG_384@848a77c33cc9e6649ed2119cbea1e2c569bcdab9539ff3e7c02ccc2959ddf4d,server-only://core-a/D-P-F/run_config_locked,20260825,restricted-compute,server-only://core-a/D-P-F,accepted_complete,top1=0.9481361426,macro_f1=0.9021135809,development-validation only; final_test_access=0; direct best checkpoint
core_a_full120_stage1_d_p_l,2026-09-07,project-team,204698b45b3712590f06245fbfba32d3be539812,G1_Humanoid_Everyday@6b6b599def75e3558b2736062e79bdbeec6cd224,core_a_protocol_v3_duplicate_safe@2883debbbe542bd4df0478ec7e896ed1468e647f93cb609041dd6411e7856997,partial-observation task recognition,V-JEPA2.1-B/384 pooled LoRA,server-only://checkpoint/vjepa2_1_vitb_dist_vitG_384@848a77c33cc9e6649ed2119cbea1e2c569bcdab9539ff3e7c02ccc2959ddf4d,server-only://core-a/D-P-L/run_config_locked,20260825,restricted-compute,server-only://core-a/D-P-L,accepted_derived_unmerged,top1=0.9611021070,macro_f1=0.9219984645,source run failed merged diagnostic; independent unmerged logits recomputation; final_test_access=0
core_a_full120_stage1_d_a_f,2026-09-07,project-team,204698b45b3712590f06245fbfba32d3be539812,G1_Humanoid_Everyday@6b6b599def75e3558b2736062e79bdbeec6cd224,core_a_protocol_v3_duplicate_safe@2883debbbe542bd4df0478ec7e896ed1468e647f93cb609041dd6411e7856997,partial-observation task recognition,V-JEPA2.1-B/384 attentive frozen,server-only://checkpoint/vjepa2_1_vitb_dist_vitG_384@848a77c33cc9e6649ed2119cbea1e2c569bcdab9539ff3e7c02ccc2959ddf4d,server-only://core-a/D-A-F/run_config_locked,20260825,restricted-compute,server-only://core-a/D-A-F,accepted_complete,top1=0.9351701783,macro_f1=0.8347468126,development-validation only; final_test_access=0; direct best checkpoint
core_a_full120_stage1_d_a_l,2026-09-08,project-team,204698b45b3712590f06245fbfba32d3be539812,G1_Humanoid_Everyday@6b6b599def75e3558b2736062e79bdbeec6cd224,core_a_protocol_v3_duplicate_safe@2883debbbe542bd4df0478ec7e896ed1468e647f93cb609041dd6411e7856997,partial-observation task recognition,V-JEPA2.1-B/384 attentive LoRA,server-only://checkpoint/vjepa2_1_vitb_dist_vitG_384@848a77c33cc9e6649ed2119cbea1e2c569bcdab9539ff3e7c02ccc2959ddf4d,server-only://core-a/D-A-L/run_config_locked,20260825,restricted-compute,server-only://core-a/D-A-L,accepted_complete,top1=0.9384116694,macro_f1=0.8212797339,development-validation only; unmerged inference; final_test_access=0
core_a_full120_stage1_s_p_f,2026-09-07,project-team,204698b45b3712590f06245fbfba32d3be539812,G1_Humanoid_Everyday@6b6b599def75e3558b2736062e79bdbeec6cd224,core_a_protocol_v3_duplicate_safe@2883debbbe542bd4df0478ec7e896ed1468e647f93cb609041dd6411e7856997,partial-observation task recognition,V-JEPA2.1-B/384 pooled frozen,server-only://checkpoint/vjepa2_1_vitb_dist_vitG_384@848a77c33cc9e6649ed2119cbea1e2c569bcdab9539ff3e7c02ccc2959ddf4d,server-only://core-a/S-P-F/run_config_locked,20260825,restricted-compute,server-only://core-a/S-P-F,accepted_complete,top1=0.9497568882,macro_f1=0.9103483091,development-validation only; final_test_access=0; poolfix retry2 is canonical
core_a_full120_stage1_s_p_l,2026-09-08,project-team,204698b45b3712590f06245fbfba32d3be539812,G1_Humanoid_Everyday@6b6b599def75e3558b2736062e79bdbeec6cd224,core_a_protocol_v3_duplicate_safe@2883debbbe542bd4df0478ec7e896ed1468e647f93cb609041dd6411e7856997,partial-observation task recognition,V-JEPA2.1-B/384 pooled LoRA,server-only://checkpoint/vjepa2_1_vitb_dist_vitG_384@848a77c33cc9e6649ed2119cbea1e2c569bcdab9539ff3e7c02ccc2959ddf4d,server-only://core-a/S-P-L/run_config_locked,20260825,restricted-compute,server-only://core-a/S-P-L,accepted_complete,top1=0.9708265802,macro_f1=0.9299209124,development-validation only; unmerged inference; final_test_access=0
core_a_full120_stage1_s_a_f,2026-09-07,project-team,204698b45b3712590f06245fbfba32d3be539812,G1_Humanoid_Everyday@6b6b599def75e3558b2736062e79bdbeec6cd224,core_a_protocol_v3_duplicate_safe@2883debbbe542bd4df0478ec7e896ed1468e647f93cb609041dd6411e7856997,partial-observation task recognition,V-JEPA2.1-B/384 attentive frozen,server-only://checkpoint/vjepa2_1_vitb_dist_vitG_384@848a77c33cc9e6649ed2119cbea1e2c569bcdab9539ff3e7c02ccc2959ddf4d,server-only://core-a/S-A-F/run_config_locked,20260825,restricted-compute,server-only://core-a/S-A-F,accepted_complete,top1=0.9238249595,macro_f1=0.8291514918,development-validation only; final_test_access=0; direct best checkpoint
core_a_full120_stage1_s_a_l,2026-09-08,project-team,204698b45b3712590f06245fbfba32d3be539812,G1_Humanoid_Everyday@6b6b599def75e3558b2736062e79bdbeec6cd224,core_a_protocol_v3_duplicate_safe@2883debbbe542bd4df0478ec7e896ed1468e647f93cb609041dd6411e7856997,partial-observation task recognition,V-JEPA2.1-B/384 attentive LoRA,server-only://checkpoint/vjepa2_1_vitb_dist_vitG_384@848a77c33cc9e6649ed2119cbea1e2c569bcdab9539ff3e7c02ccc2959ddf4d,server-only://core-a/S-A-L/run_config_locked,20260825,restricted-compute,server-only://core-a/S-A-L,accepted_complete,top1=0.9497568882,macro_f1=0.8865461893,development-validation only; unmerged inference; final_test_access=0
core_a_full120_stage1_state_ctrl,2026-09-08,project-team,204698b45b3712590f06245fbfba32d3be539812,G1_Humanoid_Everyday@6b6b599def75e3558b2736062e79bdbeec6cd224,core_a_protocol_v3_duplicate_safe@2883debbbe542bd4df0478ec7e896ed1468e647f93cb609041dd6411e7856997,partial-observation task recognition,state-only MLP control,server-only://checkpoint/vjepa2_1_vitb_dist_vitG_384@848a77c33cc9e6649ed2119cbea1e2c569bcdab9539ff3e7c02ccc2959ddf4d,server-only://core-a/STATE-CTRL/run_config_locked,20260825,restricted-compute,server-only://core-a/STATE-CTRL,accepted_complete,top1=0.6337115073,macro_f1=0.4908016141,development-validation only; final_test_access=0; separate current control protocol
